global_idx	min_dist	q
5985	3.222	-0.0849
6003	3.199	-0.0897
7284	3.320	-0.1035
6629	3.726	-0.0795
6680	3.026	-0.1564
5374	2.888	+0.0116
6611	3.587	-0.0757
6021	3.327	-0.0920
7301	3.203	-0.1423
6646	3.649	-0.0994
6593	3.582	-0.0898
5929	3.158	-0.0727
5338	3.402	-0.0154
4718	2.752	+0.1061
5320	3.563	-0.0107
6663	3.543	-0.1120
5356	3.380	-0.0213
4678	3.134	+0.0626
5986	3.909	-0.0599
8559	3.822	+0.1188
7908	3.864	+0.0573
6039	3.526	-0.0832
4657	3.308	+0.0664
7317	3.236	-0.1375
5966	4.017	-0.0579
8542	3.686	+0.1746
7891	3.730	+0.0991
5301	3.498	-0.0057
4614	2.897	+0.1120
4698	3.111	+0.0554
6004	3.891	-0.0664
8576	3.737	+0.0218
6698	3.218	-0.1167
7925	3.781	-0.0148
6575	3.702	-0.0986
9211	3.875	+0.1423
7268	4.030	-0.0065
9194	3.774	+0.2019
7252	3.901	+0.0141
4636	3.382	+0.0675
5375	3.502	-0.0264
5947	3.871	-0.0592
8526	3.681	+0.1677
7875	3.725	+0.0863
9228	3.823	+0.0429
7285	3.951	-0.0446
4738	3.064	+0.0812
5262	2.974	+0.0682
5911	3.258	-0.0465
7201	3.662	-0.1132
5892	2.923	+0.0383
3942	3.298	+0.0739
6681	3.573	-0.1053
4719	3.242	+0.0446
7164	3.202	-0.0973
6022	3.978	-0.0704
8593	3.633	-0.0483
7942	3.679	-0.0661
9178	3.769	+0.2027
7236	3.897	+0.0037
11253	3.347	-0.0433
3987	3.167	+0.0925
5282	3.449	+0.0011
7974	3.218	-0.1108
9865	3.891	+0.1265
3965	3.340	+0.0848
5243	2.785	+0.1236
4030	2.960	+0.1251
6630	4.304	-0.0369
3917	3.165	-0.0765
6541	3.361	-0.0905
9848	3.912	+0.1842
3918	3.128	+0.0036
6612	4.184	-0.0290
7144	2.700	+0.1210
4009	3.144	+0.0932
10611	3.423	-0.0286
7350	3.200	-0.0962
7302	3.853	-0.0725
4615	3.332	+0.0649
5410	3.599	-0.0047
9882	3.863	+0.0424
4593	3.005	+0.0954
6057	3.691	-0.0652
5930	3.827	-0.0559
6647	4.231	-0.0528
8510	3.807	+0.1100
7333	3.416	-0.1067
7859	3.850	+0.0362
4679	3.707	+0.0183
5339	4.059	-0.0262
6558	3.788	-0.0882
8008	3.075	-0.0387
3916	3.350	-0.1357
5393	3.752	-0.0276
4658	3.856	+0.0216
3943	3.551	+0.0742
5321	4.195	-0.0233
5872	2.905	+0.1114
6523	3.195	-0.0101
6074	3.576	-0.0394
3919	3.246	+0.0549
4635	3.648	-0.1171
8437	3.492	-0.0968
7787	3.421	-0.0420
9832	3.980	+0.1918
11276	3.139	-0.0243
6594	4.180	-0.0331
4699	3.687	+0.0136
5357	4.041	-0.0301
9162	3.892	+0.1535
4572	2.858	+0.0311
7219	4.016	-0.0224
4739	3.511	+0.0320
7368	3.281	-0.0551
11866	3.224	-0.0222
4031	3.274	+0.0850
6040	4.005	-0.0662
8609	3.663	-0.0662
7958	3.708	-0.0786
8476	3.831	-0.0587
7825	3.874	-0.0947
3964	3.754	-0.0362
6503	2.781	+0.1312
8458	3.860	-0.1281
9900	3.853	-0.0129
7807	3.868	-0.1289
4637	3.890	+0.0235
6716	3.540	-0.0752
7145	3.335	+0.0248
6664	4.140	-0.0647
5302	4.112	-0.0210
4051	3.252	+0.1040
3988	3.601	+0.0568
6699	3.736	-0.0841
4573	2.987	+0.0785
10519	4.030	+0.0883
3915	3.662	-0.1527
5263	3.541	+0.0080
3966	3.754	+0.0557
5987	4.600	-0.0362
5244	3.235	+0.0575
9261	3.750	-0.0452
5224	2.937	+0.1112
10502	4.051	+0.1369
5893	3.498	-0.0219
7318	3.881	-0.0779
9128	3.904	-0.0054
10633	3.440	-0.0063
7183	4.001	-0.0938
4720	3.799	+0.0081
5967	4.558	-0.0325
3267	3.349	+0.0705
9110	3.669	-0.0963
3890	3.264	-0.0714
5376	4.143	-0.0330
7165	3.734	-0.0951
3268	3.349	+0.0799
3920	3.503	+0.0631
4010	3.581	+0.0544
3941	4.010	-0.1042
3891	3.229	-0.0024
11252	3.230	-0.0184
3240	3.513	+0.0291
10536	4.024	+0.0289
3241	3.513	+0.0512
9816	4.096	+0.1550
6005	4.585	-0.0427
4594	3.427	+0.0577
6576	4.291	-0.0408
5912	3.910	-0.0452
6734	3.613	-0.0443
8494	4.052	+0.0381
3295	3.328	+0.0963
7843	4.092	-0.0113
8560	4.497	+0.0634
7909	4.533	+0.0323
3296	3.328	+0.0970
9996	3.340	+0.0561
3266	3.492	+0.0526
10610	3.309	-0.0261
3889	3.444	-0.1261
3944	3.914	+0.0520
9997	3.213	+0.0917
5873	3.339	+0.0354
8543	4.383	+0.0918
7892	4.420	+0.0533
11275	3.692	-0.0281
10485	4.080	+0.1494
11301	2.868	+0.0732
6504	3.328	+0.0636
8641	3.493	-0.0451
3239	3.650	+0.0042
7991	3.540	-0.0671
8438	4.044	-0.1036
7788	3.854	-0.0786
3269	3.493	+0.0770
11932	3.007	-0.0083
5948	4.543	-0.0323
8678	3.407	+0.0317
8028	3.456	-0.0035
11908	3.689	-0.0471
3892	3.344	+0.0425
4616	3.846	+0.0243
4677	3.820	+0.0046
5411	4.108	-0.0246
5283	4.070	-0.0174
11887	3.446	-0.0274
8577	4.420	+0.0200
3242	3.650	+0.0607
4052	3.541	+0.0696
3213	3.801	-0.0110
3294	3.472	+0.0829
3214	3.801	+0.0221
4656	4.049	-0.0242
4574	3.264	+0.0743
9146	4.132	+0.0793
9212	4.569	+0.0796
7202	4.249	-0.0407
8659	3.428	-0.0087
9995	3.602	+0.0178
9917	3.961	-0.0241
7269	4.675	+0.0012
8009	3.476	-0.0399
9783	3.672	+0.0309
6682	4.166	-0.0655
11845	3.178	+0.0279
4032	3.696	+0.0478
5225	3.218	+0.0847
6542	3.996	-0.0653
3297	3.472	+0.0856
9195	4.457	+0.1111
11300	3.169	+0.0246
10553	3.982	-0.0058
5429	3.824	-0.0061
5853	3.026	+0.1061
7253	4.565	+0.0136
6524	3.728	-0.0455
9998	3.235	+0.1076
6075	3.975	-0.0452
8416	2.935	+0.0497
9294	3.584	-0.0118
6023	4.518	-0.0474
9090	3.693	-0.1015
7351	3.721	-0.0705
7146	3.719	-0.0341
9331	3.501	+0.0729
8527	4.379	+0.0916
7876	4.416	+0.0514
4758	3.889	+0.0206
3212	3.928	-0.0415
9229	4.492	+0.0337
3323	3.451	+0.1005
3914	3.896	-0.1379
6058	4.151	-0.0547
7286	4.602	-0.0191
3986	4.109	+0.0082
5319	4.000	-0.0024
8625	3.823	-0.0540
7975	3.866	-0.0663
3324	3.451	+0.0980
4680	4.318	-0.0020
4740	4.031	+0.0031
9312	3.521	+0.0312
3265	3.762	+0.0318
3215	3.928	+0.0428
10632	3.951	-0.0230
3963	4.199	-0.0333
5394	4.356	-0.0325
7369	3.659	-0.0505
3888	3.602	-0.1464
4634	3.921	-0.0702
3238	3.909	-0.0139
9068	3.185	+0.0110
4072	3.638	+0.0766
11931	3.441	-0.0281
11846	3.839	-0.0258
8594	4.332	-0.0153
7943	4.370	-0.0281
8417	3.393	+0.0013
4008	3.896	+0.0239
3921	3.871	+0.0467
7767	3.162	+0.0382
9179	4.452	+0.1139
7237	4.561	+0.0121
3322	3.590	+0.0889
3270	3.763	+0.0632
4700	4.301	-0.0050
10468	4.007	+0.1258
3893	3.593	+0.0519
3293	3.743	+0.0601
9277	3.906	-0.0337
5931	4.505	-0.0324
11177	4.249	+0.0477
3989	4.110	+0.0279
7334	4.032	-0.0665
4549	2.990	-0.0247
11865	3.256	+0.0104
3243	3.909	+0.0556
9994	3.938	-0.0109
9800	4.151	+0.0929
3325	3.590	+0.0835
9866	4.586	+0.0765
4550	3.282	+0.0304
5340	4.728	-0.0224
6092	3.781	-0.0237
6559	4.472	-0.0428
12442	3.153	-0.0091
5300	3.825	-0.0332
6631	4.914	-0.0170
3187	3.857	-0.0347
11159	4.155	+0.0816
3967	4.244	+0.0287
10658	3.345	+0.0598
5245	3.763	+0.0120
11299	3.584	-0.0058
3188	3.827	+0.0025
4778	3.634	+0.0337
9849	4.604	+0.1065
10659	3.217	+0.0922
5322	4.845	-0.0199
11069	3.133	+0.0359
3940	4.252	-0.0797
3298	3.744	+0.0660
6613	4.809	-0.0105
9952	3.725	+0.0166
8459	4.308	-0.0641
5854	3.467	+0.0683
7808	4.346	-0.0743
9245	4.406	-0.0029
4638	4.450	+0.0020
6717	4.017	-0.0589
9069	3.514	-0.0286
9999	3.404	+0.0979
7303	4.518	-0.0361
6505	3.714	+0.0062
11195	4.218	+0.0126
4011	4.092	+0.0253
7124	3.076	+0.0646
3211	4.170	-0.0576
3863	3.504	-0.0500
8679	3.641	+0.0176
12562	3.578	-0.0584
8029	3.686	-0.0103
9883	4.553	+0.0360
5358	4.713	-0.0257
6648	4.844	-0.0276
8511	4.485	+0.0670
7860	4.521	+0.0316
4053	3.934	+0.0383
4595	3.929	+0.0236
3186	4.010	-0.0668
12519	3.753	-0.0390
5264	4.148	-0.0122
9972	3.578	+0.0595
10657	3.606	+0.0241
10571	3.988	-0.0102
4575	3.656	+0.0471
4551	3.395	+0.0567
6735	3.960	-0.0437
11867	3.716	-0.0272
3216	4.170	+0.0459
6041	4.541	-0.0468
11274	3.725	-0.0227
5203	2.943	+0.0602
5894	4.112	-0.0310
9723	3.102	+0.0149
8477	4.395	-0.0085
7826	4.432	-0.0338
5226	3.615	+0.0435
3189	3.924	+0.0284
11251	3.262	-0.0062
10660	3.239	+0.1065
11142	4.105	+0.0949
3945	4.360	+0.0280
4721	4.397	-0.0079
5984	3.584	+0.0036
5874	3.852	-0.0065
9111	4.194	-0.0398
11907	3.786	-0.0268
3351	3.705	+0.0879
6482	2.647	+0.0884
7166	4.314	-0.0646
4613	3.682	-0.1030
3321	3.853	+0.0655
3862	3.487	-0.0953
4073	3.916	+0.0513
9833	4.632	+0.1120
5303	4.749	-0.0183
3352	3.705	+0.0856
8439	4.419	-0.0792
7789	4.306	-0.0713
6595	4.805	-0.0107
8418	3.923	-0.0359
9332	3.729	+0.0501
7768	3.724	-0.0076
5965	3.908	+0.0169
7387	3.860	-0.0233
12402	3.398	-0.0216
9934	4.110	-0.0136
9163	4.557	+0.0902
3865	3.578	+0.0334
6700	4.307	-0.0564
3264	4.135	+0.0127
3887	3.741	-0.1375
8699	3.603	+0.0168
3326	3.854	+0.0624
10609	3.341	-0.0239
9722	3.063	+0.0376
8610	4.357	-0.0309
3237	4.268	-0.0232
7959	4.395	-0.0399
11277	3.294	+0.0625
9129	4.469	+0.0196
11213	4.106	-0.0053
4033	4.193	+0.0211
11930	3.952	-0.0294
7184	4.578	-0.0436
3350	3.822	+0.0768
12422	3.169	-0.0011
5281	3.579	-0.0642
5204	3.400	+0.0694
11958	3.196	+0.0380
5430	4.453	-0.0193
9901	4.545	+0.0048
5377	4.800	-0.0282
9724	3.582	-0.0427
11959	3.063	+0.0668
11909	3.291	+0.0220
6665	4.765	-0.0365
9091	4.098	-0.0703
6483	3.147	+0.0706
9070	3.942	-0.0520
11886	3.476	-0.0039
11254	3.592	+0.0143
3913	4.032	-0.1079
12588	3.193	-0.0037
7147	4.186	-0.0479
3292	4.117	+0.0339
7125	3.652	+0.0212
3353	3.835	+0.0724
3271	4.135	+0.0444
12589	3.059	+0.0191
4617	4.412	+0.0033
3894	3.953	+0.0399
5412	4.635	-0.0286
9993	3.754	-0.0289
3185	4.274	-0.0823
9357	3.842	+0.0186
10656	3.975	-0.0025
10451	4.056	+0.0814
5946	3.981	+0.0050
10631	3.911	-0.0288
10520	4.705	+0.0598
3244	4.269	+0.0415
9358	4.006	+0.0351
11298	4.077	-0.0186
5913	4.576	-0.0295
11933	3.124	+0.0659
5988	5.236	-0.0209
8700	3.904	+0.0226
8660	3.919	-0.0181
8048	3.627	+0.0049
8010	3.961	-0.0355
9262	4.431	-0.0192
4552	3.641	+0.0534
10503	4.723	+0.0846
7319	4.542	-0.0430
11957	3.469	+0.0086
10589	2.985	-0.0041
11826	3.296	+0.0506
4779	4.175	+0.0118
10612	3.729	+0.0292
3161	3.939	-0.0401
5968	5.138	-0.0173
9766	3.979	-0.0159
3861	3.493	-0.1173
12480	3.638	+0.0044
3190	4.139	+0.0365
3299	4.118	+0.0443
10661	3.408	+0.0980
3210	4.508	-0.0592
3162	3.910	-0.0057
6525	4.310	-0.0419
12587	3.466	-0.0229
6076	4.405	-0.0406
11231	3.061	+0.0188
8642	4.097	-0.0344
12561	4.055	-0.0458
4676	4.015	-0.0125
5855	3.838	+0.0270
7992	4.137	-0.0461
11808	3.001	+0.0582
11960	3.086	+0.0811
10000	3.700	+0.0714
11125	4.032	+0.0836
3922	4.321	+0.0261
10537	4.691	+0.0292
12461	3.373	+0.0119
3985	4.353	-0.0087
11046	3.292	+0.0128
12539	4.094	-0.0362
6753	3.991	-0.0222
9356	3.802	-0.0011
9817	4.733	+0.0933
4655	4.461	-0.0214
5284	4.714	-0.0167
6006	5.171	-0.0262
11302	3.280	+0.0911
12590	3.082	+0.0337
11888	3.723	-0.0112
6577	4.903	-0.0150
11733	3.046	+0.0283
3962	4.613	-0.0297
3866	3.812	+0.0408
10634	3.582	+0.0659
9721	3.180	+0.0470
5448	4.016	-0.0056
11844	3.360	+0.0371
4741	4.599	-0.0097
8495	4.694	+0.0337
11327	3.493	+0.0478
4095	3.709	+0.0507
6093	4.354	-0.0289
7844	4.729	+0.0081
9359	4.045	+0.0432
9313	4.000	+0.0047
12499	3.871	-0.0040
7370	4.123	-0.0418
11068	3.064	+0.0455
9784	4.312	+0.0363
11328	3.371	+0.0730
3349	3.909	+0.0546
3160	4.089	-0.0702
3217	4.492	+0.0369
4697	3.615	-0.0219
2589	4.041	+0.0419
6543	4.650	-0.0376
12563	3.273	+0.0075
3320	4.213	+0.0369
2590	4.041	+0.0486
4007	3.987	-0.0038
5205	3.733	+0.0542
5833	2.903	+0.0640
10486	4.769	+0.0916
9295	4.176	-0.0172
11753	2.787	+0.0454
9747	3.877	-0.0527
2563	4.178	+0.0203
7352	4.293	-0.0487
9725	3.744	-0.0543
3163	4.005	+0.0192
4074	4.275	+0.0279
5949	5.134	-0.0164
6506	4.181	-0.0201
12481	3.850	-0.0207
2564	4.178	+0.0323
6484	3.712	+0.0381
12540	3.573	-0.0231
8419	4.470	-0.0496
7769	4.327	-0.0327
8680	3.985	+0.0037
8030	4.027	-0.0154
3354	4.082	+0.0535
11827	4.389	+0.0170
11790	2.850	+0.0591
10025	4.014	+0.0300
6059	4.671	-0.0410
12462	3.878	-0.0045
3990	4.668	+0.0099
12441	3.240	+0.0170
10026	3.908	+0.0482
11326	3.744	+0.0200
11232	4.113	-0.0050
4054	4.404	+0.0160
2615	4.023	+0.0564
4681	4.952	-0.0085
11089	3.593	+0.0281
11809	4.297	+0.0369
9147	4.764	+0.0542
4633	4.291	-0.0427
10373	3.326	+0.0134
8561	5.179	+0.0350
2616	4.023	+0.0591
11956	3.851	-0.0105
7203	4.865	-0.0112
7910	5.211	+0.0188
9918	4.611	-0.0088
4576	4.130	+0.0210
2588	4.160	+0.0302
3379	3.802	+0.0667
3327	4.218	+0.0408
5395	4.986	-0.0282
3968	4.787	+0.0110
5928	3.746	-0.0163
11176	3.168	+0.0744
3939	4.488	-0.0571
5246	4.339	-0.0068
6683	4.787	-0.0395
8701	4.090	+0.0209
8049	4.050	+0.0032
11712	3.570	+0.0099
3380	3.967	+0.0661
4660	5.064	-0.0067
11329	3.392	+0.0848
12586	3.849	-0.0313
12500	3.949	-0.0301
8544	5.080	+0.0490
10554	4.677	+0.0068
5337	3.905	-0.0113
5227	4.094	+0.0125
7893	5.112	+0.0297
13055	3.585	-0.0435
2562	4.293	+0.0059
13116	3.655	-0.0402
2591	4.160	+0.0486
11847	4.448	-0.0011
6024	5.097	-0.0304
5834	3.365	+0.0597
12401	3.335	+0.0038
4012	4.653	+0.0079
9355	3.890	-0.0195
5318	4.391	-0.0073
11961	3.263	+0.0760
9071	4.237	-0.0551
9333	4.066	+0.0262
3184	4.574	-0.0812
13202	3.605	-0.0548
4701	4.937	-0.0107
10024	4.234	+0.0090
11864	3.434	+0.0207
13096	3.684	-0.0339
7235	3.771	+0.0534
7126	4.265	-0.0101
10655	4.308	-0.0183
2565	4.293	+0.0381
7388	4.187	-0.0247
3263	4.584	-0.0024
2538	4.422	-0.0013
8578	5.107	+0.0144
12518	3.935	-0.0114
7927	5.139	+0.0025
3886	3.927	-0.1124
3836	3.647	-0.0294
2614	4.143	+0.0469
8626	4.492	-0.0308
4797	3.836	+0.0186
7976	4.529	-0.0384
11194	3.091	+0.0579
2539	4.422	+0.0153
12591	3.259	+0.0348
12381	3.689	-0.0119
3837	3.828	+0.0043
4596	4.484	+0.0045
3378	3.762	+0.0564
11273	3.753	-0.0177
3236	4.705	-0.0265
9213	5.242	+0.0448
10027	3.926	+0.0570
9973	4.106	+0.0231
3159	4.280	-0.0857
4029	3.718	-0.0125
4526	3.183	-0.0056
7270	5.335	+0.0026
11929	4.216	-0.0235
12443	3.883	+0.0084
6736	4.392	-0.0377
13136	3.758	-0.0431
4096	4.123	+0.0344
9360	4.168	+0.0407
2617	4.143	+0.0548
4527	3.471	+0.0244
6628	3.647	+0.0117
3860	3.637	-0.1158
7407	3.911	-0.0066
4553	3.996	+0.0354
11906	3.814	-0.0131
11791	4.246	+0.0475
10417	3.880	-0.0026
9196	5.144	+0.0604
3381	4.183	+0.0563
10570	2.935	+0.0187
7254	5.239	+0.0100
3946	4.866	+0.0113
10396	3.386	+0.0494
9953	4.349	-0.0013
5875	4.417	-0.0186
6610	3.841	+0.0276
8460	4.817	-0.0258
3291	4.523	+0.0107
3191	4.454	+0.0315
8393	3.139	+0.0445
7809	4.851	-0.0362
4639	5.045	-0.0054
7744	2.887	+0.0548
11045	3.543	+0.0264
10662	3.704	+0.0742
6718	4.552	-0.0430
8394	3.430	+0.0283
8528	5.077	+0.0504
7745	3.202	+0.0440
7877	5.109	+0.0304
8440	4.840	-0.0495
9992	3.696	-0.0383
3164	4.215	+0.0285
7790	4.818	-0.0498
2537	4.532	-0.0180
6111	4.096	-0.0140
2642	4.125	+0.0604
10469	4.706	+0.0793
3835	3.517	-0.0625
13178	3.810	-0.0567
9230	5.170	+0.0229
3272	4.585	+0.0268
2643	4.125	+0.0610
11325	4.100	-0.0012
7287	5.265	-0.0085
9720	3.439	+0.0466
9278	4.564	-0.0199
11107	4.080	+0.0569
3895	4.395	+0.0231
5932	5.189	-0.0169
11297	4.277	-0.0219
11178	4.922	+0.0384
5299	4.319	-0.0178
7335	4.671	-0.0403
10372	3.435	+0.0268
4525	3.032	-0.0400
13076	3.842	-0.0259
9801	4.829	+0.0614
2587	4.389	+0.0168
2540	4.532	+0.0263
3867	4.153	+0.0322
5265	4.781	-0.0141
3348	4.115	+0.0278
3245	4.706	+0.0261
3838	3.925	+0.0253
12520	4.096	-0.0271
5341	5.405	-0.0162
11771	2.868	+0.0545
6560	5.095	-0.0187
10435	4.221	+0.0377
11160	4.849	+0.0562
11934	3.583	+0.0373
12421	3.255	+0.0190
11250	3.440	-0.0021
11868	4.342	-0.0085
2561	4.516	-0.0066
11278	3.862	+0.0273
5895	4.750	-0.0239
3209	4.881	-0.0524
4612	4.074	-0.0623
4528	3.865	+0.0384
4034	4.742	+0.0054
5323	5.508	-0.0140
12560	4.384	-0.0306
4780	4.758	-0.0023
8392	2.986	+0.0491
11330	3.553	+0.0795
4722	5.021	-0.0126
3912	4.280	-0.0773
9112	4.765	-0.0103
10397	3.776	-0.0365
5431	4.864	-0.0228
9044	3.514	+0.0278
10374	3.639	-0.0486
3300	4.569	+0.0258
5206	4.080	+0.0303
7167	4.926	-0.0368
8595	5.031	-0.0039
11910	3.859	+0.0071
13179	3.655	-0.0384
7102	2.792	+0.0544
7944	5.064	-0.0123
2641	4.242	+0.0521
2592	4.390	+0.0424
3135	4.140	-0.0344
13201	3.888	-0.0516
5467	3.793	+0.0030
9045	3.777	+0.0099
10023	4.380	-0.0095
9180	5.141	+0.0628
11196	4.880	+0.0183
9092	4.574	-0.0403
11212	3.171	+0.0364
9726	4.024	-0.0510
5835	3.899	+0.0404
7103	3.117	+0.0508
7238	5.235	+0.0106
10001	4.095	+0.0425
7148	4.711	-0.0399
3136	4.112	-0.0066
8395	3.829	+0.0058
2613	4.373	+0.0328
6592	4.147	+0.0265
6485	4.284	+0.0087
7746	3.626	+0.0229
4760	4.893	-0.0101
6754	4.452	-0.0242
10630	3.947	-0.0297
5359	5.392	-0.0190
10686	4.017	+0.0334
2566	4.516	+0.0364
3355	4.428	+0.0345
3377	3.850	+0.0372
11303	3.720	+0.0552
13156	3.984	-0.0419
10687	3.912	+0.0505
2644	4.243	+0.0548
10608	3.514	-0.0214
11955	4.314	-0.0185
7218	3.785	+0.0399
9867	5.282	+0.0455
2513	4.551	-0.0164
10572	4.683	-0.0024
5449	4.619	-0.0141
6632	5.545	-0.0082
11021	3.579	-0.0188
13203	3.544	-0.0178
10028	4.067	+0.0541
2514	4.526	+0.0024
3319	4.314	+0.0113
12585	4.311	-0.0302
6042	5.118	-0.0315
6772	3.895	-0.0081
12616	3.631	+0.0105
9850	5.298	+0.0605
2618	4.373	+0.0452
8478	4.994	+0.0072
8702	4.286	+0.0141
12359	3.604	-0.0225
3218	4.886	+0.0242
5181	2.986	+0.0191
7827	5.027	-0.0083
9746	3.324	+0.0527
9043	3.378	+0.0378
12617	3.514	+0.0267
12564	3.715	+0.0016
6614	5.452	-0.0037
11143	4.790	+0.0631
12423	3.807	+0.0116
5910	3.632	-0.0318
11885	3.643	+0.0054
5182	3.291	+0.0376
3134	4.183	-0.0599
3382	4.412	+0.0417
9354	3.798	-0.0336
9246	5.095	+0.0035
12538	4.119	-0.0162
9899	2.888	+0.0321
2536	4.743	-0.0297
11772	4.176	+0.0444
7304	5.192	-0.0186
3834	3.523	-0.0826
5304	5.403	-0.0127
11690	3.762	-0.0045
13033	4.000	-0.0312
11255	4.236	+0.0032
4119	3.605	+0.0359
4075	4.711	+0.0109
10685	4.238	+0.0137
3923	4.832	+0.0110
9046	4.117	-0.0100
11732	3.135	+0.0368
9884	5.246	+0.0254
11962	3.570	+0.0579
7104	3.551	+0.0349
4618	5.012	-0.0043
8420	4.883	-0.0454
3137	4.202	+0.0135
7770	4.807	-0.0373
9935	4.739	-0.0094
4524	3.040	-0.0645
5413	5.106	-0.0256
6649	5.479	-0.0149
8512	5.169	+0.0402
7861	5.200	+0.0224
13157	3.793	-0.0443
6701	4.911	-0.0366
2512	4.682	-0.0341
3158	4.398	-0.0856
4571	3.586	-0.0998
11124	2.795	+0.0730
4798	4.352	+0.0058
12592	3.567	+0.0263
11067	3.153	+0.0467
11020	3.705	-0.0030
10688	3.930	+0.0589
10635	4.110	+0.0310
11986	3.767	+0.0294
10518	3.203	+0.0710
11711	3.509	+0.0226
2541	4.743	+0.0291
11987	3.654	+0.0467
12615	3.874	-0.0055
3839	4.139	+0.0303
5280	4.103	-0.0326
6131	3.575	-0.0014
6094	4.750	-0.0279
8661	4.466	-0.0186
5180	2.825	-0.0074
5983	4.042	-0.0045
8011	4.503	-0.0285
12479	3.843	+0.0190
3328	4.660	+0.0230
13054	3.864	-0.0181
2515	4.608	+0.0162
4097	4.607	+0.0186
9260	2.976	-0.0103
9130	5.059	+0.0221
9361	4.361	+0.0308
11214	4.784	+0.0045
10501	3.184	+0.0795
7185	5.155	-0.0178
7408	4.418	-0.0097
2668	4.340	+0.0550
10613	4.353	+0.0081
4529	4.103	+0.0361
9767	4.577	+0.0025
9695	3.772	+0.0109
2640	4.467	+0.0380
5964	4.323	+0.0058
12460	3.593	+0.0248
3984	4.525	-0.0173
12618	3.534	+0.0365
5378	5.468	-0.0213
2669	4.340	+0.0553
13228	3.761	-0.0214
6526	4.922	-0.0288
5183	3.705	+0.0416
6460	2.871	+0.0440
6077	4.898	-0.0325
9696	3.931	-0.0054
9834	5.297	+0.0638
3183	4.691	-0.0700
9748	4.378	-0.0280
10654	4.257	-0.0261
11088	2.905	+0.0576
13229	3.648	-0.0105
6461	3.187	+0.0470
6596	5.449	-0.0028
6507	4.707	-0.0246
11324	4.538	-0.0137
3165	4.526	+0.0259
9072	4.594	-0.0453
3961	4.951	-0.0264
4120	3.907	+0.0304
12541	4.102	-0.0151
10535	3.128	+0.0541
8681	4.415	-0.0052
10371	3.676	+0.0327
12380	3.631	+0.0059
7127	4.699	-0.0231
8396	4.306	-0.0136
8031	4.452	-0.0173
3406	3.871	+0.0449
9164	5.232	+0.0525
2586	4.712	+0.0043
11985	4.001	+0.0105
11889	4.348	-0.0057
7221	5.324	+0.0057
6002	3.645	-0.0255
12498	4.022	+0.0110
3407	4.033	+0.0458
10452	4.748	+0.0553
11734	3.754	+0.0120
6574	4.148	+0.0153
2645	4.468	+0.0440
4055	4.929	+0.0028
10588	3.328	-0.0047
3859	3.903	-0.0994
5914	5.251	-0.0168
11825	3.658	+0.0449
4742	5.199	-0.0135
2560	4.830	-0.0152
9314	4.538	-0.0057
4577	4.661	+0.0051
8493	3.237	+0.0610
4006	4.174	-0.0177
7842	3.529	+0.0448
7371	4.646	-0.0323
9042	3.385	+0.0390
8611	5.053	-0.0146
11988	3.673	+0.0557
13751	3.578	-0.0633
7960	5.086	-0.0207
13056	3.674	-0.0251
2667	4.451	+0.0475
13115	4.257	-0.0143
9694	3.739	+0.0231
11230	3.397	+0.0153
11752	3.050	+0.0466
3133	4.189	-0.0746
4675	4.316	-0.0182
4554	4.434	+0.0171
11044	3.662	+0.0325
11807	3.394	+0.0511
13227	3.995	-0.0295
12400	3.417	+0.0186
13200	4.269	-0.0423
5228	4.629	-0.0028
10022	4.231	-0.0228
9902	5.239	+0.0080
4818	3.736	+0.0157
11331	3.838	+0.0622
10684	4.556	-0.0033
4592	3.970	-0.0707
6666	5.408	-0.0209
8643	4.728	-0.0237
3192	4.851	+0.0214
13095	4.033	-0.0092
8074	3.749	-0.0071
7993	4.763	-0.0304
10484	3.043	+0.0789
10375	3.926	-0.0427
2612	4.697	+0.0173
13177	4.313	-0.0373
10663	4.099	+0.0473
3262	4.928	-0.0124
2670	4.451	+0.0491
4654	4.760	-0.0193
9971	3.593	-0.0426
9697	4.202	-0.0204
2593	4.713	+0.0325
11126	4.728	+0.0566
5468	4.314	-0.0049
8728	4.175	+0.0083
3885	4.182	-0.0835
12482	4.532	-0.0023
9719	3.775	+0.0416
3405	3.831	+0.0359
13230	3.668	-0.0015
5945	4.566	+0.0038
5836	4.392	+0.0186
3376	4.060	+0.0150
12440	3.469	+0.0275
6462	3.613	+0.0381
6112	4.689	-0.0178
9334	4.488	+0.0093
9047	4.487	-0.0244
2511	4.910	-0.0452
7389	4.597	-0.0233
11843	3.669	+0.0340
5285	5.371	-0.0119
7105	4.060	+0.0144
11019	3.803	+0.0100
3235	5.171	-0.0266
3138	4.404	+0.0217
10416	3.087	+0.0557
3347	4.186	+0.0042
2567	4.831	+0.0296
12463	4.544	+0.0082
10521	5.386	+0.0385
11928	4.241	-0.0174
3938	4.815	-0.0408
12614	4.219	-0.0158
13135	4.381	-0.0186
3408	4.305	+0.0397
13690	3.666	-0.0519
4696	3.946	-0.0265
11090	4.245	+0.0284
3868	4.576	+0.0193
10689	4.070	+0.0563
5989	5.832	-0.0122
9145	3.080	+0.0689
12358	4.080	-0.0061
9263	5.117	-0.0078
3969	5.366	+0.0018
13204	3.830	-0.0132
7200	3.925	+0.0237
9916	3.134	+0.0052
9785	4.969	+0.0303
10029	4.317	+0.0425
10504	5.401	+0.0511
6132	4.003	-0.0050
7320	5.213	-0.0241
5247	4.948	-0.0108
10395	3.466	+0.0453
2489	4.621	-0.0231
3290	4.608	-0.0057
6544	5.315	-0.0194
6773	4.404	-0.0114
2516	4.792	+0.0220
2619	4.697	+0.0333
5969	5.744	-0.0094
2535	5.043	-0.0349
2490	4.596	-0.0048
11047	3.802	-0.0265
12501	4.616	-0.0105
8726	3.980	-0.0111
11022	3.667	-0.0411
3833	3.666	-0.0865
8073	3.708	-0.0170
11689	4.025	+0.0088
9991	3.770	-0.0410
10552	3.207	+0.0325
9386	4.383	+0.0082
9296	4.796	-0.0143
3383	4.733	+0.0268
13117	4.075	-0.0285
12619	3.690	+0.0367
5207	4.510	+0.0107
7428	3.598	-0.0108
7353	4.899	-0.0326
13180	4.089	-0.0272
5184	4.196	+0.0333
9387	4.527	+0.0179
11789	3.262	+0.0520
12517	4.084	+0.0024
12403	3.858	+0.0064
10538	5.366	+0.0223
4523	3.204	-0.0732
7429	3.773	-0.0051
9727	4.398	-0.0394
11296	4.302	-0.0216
11355	4.141	+0.0287
10591	4.791	-0.0024
11984	4.336	-0.0042
8729	4.437	+0.0126
11754	4.223	+0.0313
13794	3.765	-0.0607
8076	4.196	+0.0031
9951	3.546	-0.0321
9818	5.385	+0.0552
11954	4.712	-0.0199
11828	5.051	+0.0192
13097	4.101	-0.0213
6486	4.695	-0.0082
13075	3.922	-0.0044
6007	5.770	-0.0161
8457	3.476	+0.0364
11356	4.039	+0.0428
3273	5.091	+0.0136
4121	4.302	+0.0210
11272	3.908	-0.0144
4632	4.737	-0.0279
6060	5.233	-0.0292
6578	5.535	-0.0048
4028	3.918	-0.0250
3356	4.851	+0.0191
3896	4.898	+0.0101
13772	3.815	-0.0575
8558	3.391	+0.0450
7907	3.535	+0.0325
4597	5.075	-0.0032
4682	5.602	-0.0092
12584	4.760	-0.0247
3810	3.807	-0.0155
11810	4.972	+0.0305
8496	5.352	+0.0245
9974	4.680	+0.0057
11905	3.967	-0.0060
3246	5.201	+0.0138
7845	5.382	+0.0107
2666	4.586	+0.0343
3208	5.088	-0.0432
2488	4.750	-0.0399
3811	4.051	+0.0053
9693	3.836	+0.0289
2542	5.044	+0.0254
5396	5.517	-0.0219
9089	3.549	+0.0406
11106	2.982	+0.0612
12559	4.408	-0.0185
11935	4.111	+0.0180
12444	4.494	+0.0154
6737	4.886	-0.0301
3840	4.455	+0.0244
8541	3.600	+0.0571
13226	4.331	-0.0322
13137	4.168	-0.0312
7890	3.735	+0.0454
2639	4.785	+0.0215
4661	5.701	-0.0077
4094	3.597	-0.0247
11989	3.823	+0.0538
9353	3.740	-0.0421
13795	3.654	-0.0486
10418	4.491	+0.0082
8703	4.582	+0.0061
10346	3.989	-0.0023
5261	4.000	-0.0423
8051	4.618	-0.0053
9385	4.348	-0.0038
4781	5.265	-0.0094
13032	4.001	-0.0118
3947	5.416	+0.0024
4530	4.421	+0.0250
10434	3.001	+0.0617
10347	4.139	-0.0151
2491	4.677	+0.0092
10487	5.460	+0.0549
5876	5.016	-0.0175
10398	4.288	-0.0183
11848	5.080	+0.0074
5812	3.109	+0.0285
11863	3.737	+0.0206
4819	4.148	+0.0089
3404	3.918	+0.0208
3301	5.077	+0.0125
11354	4.355	+0.0125
5891	3.652	-0.0367
5813	3.403	+0.0359
5950	5.741	-0.0084
12335	3.686	-0.0266
5857	4.805	-0.0102
8575	3.320	+0.0243
8441	5.298	-0.0269
2671	4.667	+0.0390
7924	3.467	+0.0109
7791	5.329	-0.0300
10002	4.564	+0.0208
13155	4.576	-0.0213
13819	3.823	-0.0470
13773	3.660	-0.0544
9388	4.722	+0.0230
9698	4.394	-0.0295
4702	5.589	-0.0109
4717	3.674	-0.0394
3157	4.601	-0.0751
3110	4.318	-0.0252
7430	4.062	-0.0028
9109	3.330	+0.0475
11963	3.979	+0.0373
13231	3.817	+0.0028
6755	4.840	-0.0230
10467	3.059	+0.0713
13820	3.801	-0.0418
6463	4.114	+0.0223
13011	4.182	-0.0216
8397	4.837	-0.0242
3111	4.417	-0.0049
7748	4.677	-0.0140
3809	3.682	-0.0376
9210	3.389	+0.0520
11357	4.056	+0.0500
11304	4.231	+0.0288
5927	4.363	-0.0049
11175	3.631	+0.0533
12420	3.483	+0.0273
7267	3.804	+0.0176
3318	4.378	-0.0068
4799	4.914	-0.0032
11663	3.740	-0.0240
12593	3.976	+0.0157
13077	4.244	-0.0138
9041	3.533	+0.0347
9148	5.412	+0.0352
2694	4.495	+0.0440
2646	4.786	+0.0317
12521	4.671	-0.0125
9799	3.078	+0.0679
3409	4.666	+0.0298
5487	3.822	+0.0029
5450	5.178	-0.0171
7204	5.502	-0.0010
9919	5.273	-0.0022
3132	4.309	-0.0768
11664	3.636	-0.0327
5336	4.328	-0.0141
1964	4.735	+0.0251
2695	4.636	+0.0447
9193	3.597	+0.0623
6557	4.046	+0.0029
6684	5.428	-0.0241
10345	3.958	+0.0094
11158	3.476	+0.0599
3911	4.622	-0.0533
3812	4.357	+0.0182
7251	3.991	+0.0298
4500	3.507	+0.0011
13667	3.952	-0.0424
8725	4.064	-0.0227
1965	4.735	+0.0299
8072	3.798	-0.0282
11279	4.467	+0.0102
11792	4.912	+0.0361
4098	5.096	+0.0066
9362	4.653	+0.0188
13730	4.015	-0.0403
3219	5.342	+0.0132
4035	5.326	-0.0024
10683	4.729	-0.0153
10555	5.359	+0.0087
4501	3.770	+0.0172
5811	2.954	+0.0136
7409	4.758	-0.0120
5317	4.772	-0.0090
12565	4.226	-0.0017
1939	4.852	+0.0132
10053	4.695	+0.0148
9954	4.963	-0.0053
13034	3.727	-0.0217
8525	3.711	+0.0588
5432	5.315	-0.0213
7874	3.968	+0.0476
8461	5.369	-0.0076
11323	4.854	-0.0196
6025	5.703	-0.0194
7810	5.399	-0.0155
4640	5.665	-0.0066
9067	3.639	+0.0345
1940	4.852	+0.0204
11911	4.465	+0.0014
6792	3.581	-0.0111
6719	5.127	-0.0302
10629	4.095	-0.0278
10054	4.605	+0.0250
10348	4.164	-0.0252
13818	3.970	-0.0482
13710	4.042	-0.0365
10370	4.026	+0.0332
2510	5.223	-0.0485
9227	3.317	+0.0339
9093	5.103	-0.0198
3109	4.208	-0.0449
6793	3.756	-0.0062
11193	3.565	+0.0412
2585	5.111	-0.0057
7283	3.741	-0.0027
7149	5.277	-0.0273
11018	4.022	+0.0185
5814	3.805	+0.0333
3166	4.917	+0.0182
4761	5.461	-0.0131
8421	5.289	-0.0339
7771	5.270	-0.0312
8730	4.777	+0.0126
9048	4.821	-0.0300
12613	4.645	-0.0199
8077	4.566	+0.0031
11770	3.277	+0.0483
11108	4.769	+0.0412
5355	3.960	-0.0267
8627	5.170	-0.0176
1989	4.719	+0.0334
7106	4.619	-0.0024
7977	5.202	-0.0225
11710	3.587	+0.0284
11662	3.967	-0.0127
13821	3.907	-0.0346
2693	4.461	+0.0373
3139	4.701	+0.0204
13158	4.373	-0.0272
2559	5.220	-0.0199
11249	3.742	-0.0014
3112	4.501	+0.0098
1990	4.720	+0.0363
2487	4.964	-0.0506
1963	4.837	+0.0175
13750	4.110	-0.0414
13668	3.803	-0.0483
5266	5.431	-0.0109
8562	5.866	+0.0199
4611	4.541	-0.0380
7911	5.894	+0.0111
4118	3.707	-0.0124
9745	3.547	+0.0435
4548	3.740	-0.0792
4499	3.371	-0.0187
10569	3.430	+0.0114
10436	4.890	+0.0301
10690	4.321	+0.0454
9384	4.425	-0.0157
11665	3.665	-0.0366
3329	5.159	+0.0107
13199	4.723	-0.0311
10021	4.180	-0.0308
2696	4.755	+0.0399
5896	5.403	-0.0154
6133	4.500	-0.0087
1938	4.952	+0.0043
12537	4.261	-0.0052
10052	4.791	+0.0025
13731	3.826	-0.0479
8545	5.778	+0.0271
3182	4.906	-0.0559
7894	5.807	+0.0169
1966	4.837	+0.0309
7941	3.538	-0.0130
8475	3.541	+0.0432
10653	4.321	-0.0288
2611	5.097	+0.0035
2517	5.067	+0.0208
7824	3.809	+0.0289
12424	4.428	+0.0161
4723	5.663	-0.0124
9177	3.575	+0.0636
11353	4.665	-0.0016
9113	5.366	+0.0016
4502	4.137	+0.0247
11141	3.347	+0.0603
11023	3.952	-0.0349
12334	4.039	-0.0142
7234	4.286	+0.0321
11731	3.371	+0.0377
11332	4.220	+0.0416
7168	5.519	-0.0190
2492	4.859	+0.0161
3375	4.172	-0.0044
11983	4.752	-0.0129
4050	3.776	-0.0336
12379	3.706	+0.0165
13793	4.157	-0.0482
13711	3.854	-0.0442
10376	4.309	-0.0319
12620	3.964	+0.0296
1941	4.952	+0.0241
10055	4.620	+0.0304
5298	4.864	-0.0116
5185	4.605	+0.0200
2594	5.112	+0.0221
3924	5.385	+0.0026
5469	4.880	-0.0101
10607	3.810	-0.0185
10470	5.406	+0.0488
9765	3.328	+0.0501
4570	3.988	-0.0676
1988	4.822	+0.0269
3808	3.688	-0.0535
5837	4.794	+0.0027
6794	4.046	-0.0046
9073	5.023	-0.0316
8579	5.797	+0.0094
9389	4.839	+0.0228
11066	3.388	+0.0430
1916	5.064	+0.0102
7928	5.826	+0.0024
7128	5.173	-0.0237
9279	5.232	-0.0113
13689	4.187	-0.0309
5933	5.823	-0.0086
7431	4.443	-0.0031
9864	3.528	+0.0521
3858	4.199	-0.0774
11179	5.576	+0.0275
9933	3.505	-0.0141
12644	4.142	+0.0123
4122	4.768	+0.0112
7336	5.326	-0.0247
2665	4.763	+0.0185
2568	5.221	+0.0209
6627	4.175	+0.0037
12357	4.028	+0.0061
5223	3.639	-0.0613
9692	3.995	+0.0295
9802	5.513	+0.0392
11358	4.192	+0.0485
12645	4.040	+0.0233
10636	4.684	+0.0121
9214	5.921	+0.0257
13752	3.925	-0.0464
5342	6.087	-0.0113
13225	4.747	-0.0299
10344	4.049	+0.0173
1991	4.822	+0.0351
6561	5.706	-0.0077
7271	6.003	+0.0021
9847	3.694	+0.0605
11161	5.545	+0.0370
11713	4.055	-0.0039
13256	4.140	-0.0064
4146	3.768	+0.0157
6095	5.210	-0.0240
11043	3.737	+0.0334
12988	4.016	-0.0271
2534	5.418	-0.0349
11884	3.930	+0.0074
5810	2.962	-0.0027
6609	4.346	+0.0139
3832	3.930	-0.0784
13257	4.037	+0.0025
13205	4.213	-0.0106
10030	4.661	+0.0282
11688	4.042	+0.0171
4147	3.935	+0.0184
13057	4.199	-0.0097
9197	5.835	+0.0336
3813	4.551	+0.0212
5324	6.103	-0.0094
9244	3.392	+0.0124
9127	3.398	+0.0514
11990	4.089	+0.0436
4555	4.932	+0.0049
6774	4.960	-0.0135
7255	5.918	+0.0065
11211	3.634	+0.0259
3403	4.124	+0.0037
13176	4.778	-0.0221
13796	4.016	-0.0377
7300	3.718	-0.0246
2620	5.098	+0.0220
7182	3.958	+0.0113
13817	4.229	-0.0448
3433	4.061	+0.0268
2465	4.793	-0.0231
9718	4.006	+0.0356
3108	4.214	-0.0579
4522	3.503	-0.0690
11773	4.851	+0.0336
1914	5.160	-0.0089
3434	4.216	+0.0286
3384	5.131	+0.0145
5373	3.689	-0.0416
9881	3.460	+0.0372
9749	4.927	-0.0121
2014	4.807	+0.0365
2466	4.769	-0.0073
11197	5.551	+0.0159
3193	5.311	+0.0120
4820	4.629	+0.0019
8529	5.775	+0.0284
7878	5.803	+0.0181
10664	4.568	+0.0259
8369	3.739	+0.0243
10349	4.305	-0.0300
7722	3.531	+0.0293
6645	4.042	-0.0131
6508	5.273	-0.0203
2015	4.807	+0.0381
3346	4.251	-0.0121
8509	3.724	+0.0527
7858	3.981	+0.0418
2672	4.972	+0.0278
13771	4.317	-0.0394
8370	3.987	+0.0160
9231	5.853	+0.0146
11661	4.255	-0.0018
12542	4.677	-0.0087
4619	5.635	-0.0058
14293	3.590	-0.0655
5360	6.075	-0.0135
6113	5.167	-0.0185
7723	3.792	+0.0235
9699	4.635	-0.0311
2692	4.536	+0.0256
5815	4.284	+0.0235
8682	4.907	-0.0090
7288	5.937	-0.0042
8032	4.941	-0.0164
12382	4.031	-0.0019
5414	5.625	-0.0206
13232	4.084	+0.0029
13691	4.005	-0.0379
6464	4.667	+0.0070
1962	5.035	+0.0087
1917	5.160	+0.0165
8391	3.463	+0.0250
11735	4.382	+0.0155
12478	4.158	+0.0224
4498	3.378	-0.0350
12360	3.804	-0.0189
13822	4.130	-0.0275
13255	4.354	-0.0145
10450	3.231	+0.0599
4145	3.728	+0.0077
4056	5.494	-0.0038
3113	4.690	+0.0160
14357	3.615	-0.0676
2638	4.993	+0.0062
12646	4.057	+0.0298
3869	5.060	+0.0088
8724	4.088	-0.0325
1937	5.146	-0.0041
3410	5.099	+0.0191
5909	4.266	-0.0135
8662	5.051	-0.0157
10051	4.861	-0.0093
12399	3.635	+0.0247
4578	5.233	-0.0021
6043	5.722	-0.0210
8012	5.083	-0.0215
2543	5.418	+0.0187
14335	3.667	-0.0655
11071	4.513	+0.0072
12459	3.927	+0.0271
3983	4.794	-0.0202
3841	4.851	+0.0152
10993	4.254	-0.0108
11691	3.955	-0.0221
8479	5.616	+0.0098
11666	3.824	-0.0350
3432	4.023	+0.0196
2464	4.881	-0.0379
2697	4.957	+0.0317
13094	4.219	+0.0045
13258	4.055	+0.0090
4148	4.213	+0.0163
9831	3.573	+0.0615
11087	3.309	+0.0486
10713	4.698	+0.0175
10994	4.163	-0.0200
3261	5.081	-0.0177
11144	5.478	+0.0406
9768	5.200	+0.0084
11048	4.311	-0.0134
5229	5.204	-0.0077
2013	4.908	+0.0307
1967	5.036	+0.0282
3884	4.531	-0.0588
5157	3.474	+0.0135
13644	4.332	-0.0331
6591	4.618	+0.0157
10714	4.608	+0.0271
4531	4.821	+0.0129
6527	5.555	-0.0175
8368	3.612	+0.0274
7945	5.760	-0.0058
3960	5.198	-0.0232
6152	3.698	-0.0090
6078	5.437	-0.0247
7721	3.395	+0.0291
4503	4.581	+0.0232
9181	5.832	+0.0353
5242	4.018	-0.0439
5158	3.739	+0.0226
5305	6.066	-0.0084
11953	4.734	-0.0185
9018	4.059	+0.0159
1987	5.021	+0.0179
12014	4.375	+0.0195
13181	4.558	-0.0184
7239	5.915	+0.0075
6153	3.868	-0.0048
3234	5.463	-0.0251
3435	4.476	+0.0255
13010	4.251	-0.0073
7080	3.454	+0.0293
9161	3.589	+0.0577
2467	4.848	+0.0050
12497	4.283	+0.0154
9019	4.289	+0.0065
9728	4.845	-0.0264
11123	3.362	+0.0556
1942	5.146	+0.0239
12015	4.278	+0.0300
7217	4.336	+0.0271
10056	4.740	+0.0300
11927	4.379	-0.0131
13774	4.142	-0.0390
7081	3.721	+0.0269
2016	4.908	+0.0357
9936	5.385	-0.0056
13134	4.694	-0.0043
6487	5.169	-0.0141
7390	5.072	-0.0203
2486	5.066	-0.0535
12583	4.782	-0.0187
4841	3.725	+0.0030
6795	4.429	-0.0053
8371	4.335	+0.0046
7724	4.156	+0.0132
9040	3.806	+0.0287
11890	4.993	-0.0018
6702	5.537	-0.0238
8731	4.946	+0.0095
5279	4.673	-0.0180
8398	5.397	-0.0260
1891	5.247	-0.0086
3357	5.332	+0.0083
7749	5.264	-0.0199
4842	3.893	+0.0064
3131	4.536	-0.0696
4005	4.465	-0.0225
9868	5.980	+0.0271
14270	3.753	-0.0594
1892	5.225	+0.0018
8608	3.606	-0.0195
10394	3.681	+0.0394
7957	3.643	-0.0322
9383	4.383	-0.0254
11751	3.438	+0.0419
13666	4.438	-0.0247
6633	6.191	-0.0044
3289	4.771	-0.0151
2647	5.179	+0.0204
4093	3.672	-0.0361
4743	5.821	-0.0131
9352	3.813	-0.0448
9315	5.114	-0.0082
10992	4.281	-0.0011
1992	5.021	+0.0305
10682	4.683	-0.0224
7372	5.211	-0.0240
9990	3.967	-0.0391
9131	5.674	+0.0179
10712	4.887	+0.0059
9851	5.973	+0.0347
13031	4.070	+0.0017
13645	3.855	-0.0405
9898	3.531	+0.0192
11352	5.054	-0.0114
11215	5.467	+0.0066
9782	3.396	+0.0524
4591	4.448	-0.0441
7186	5.760	-0.0064
12333	4.475	-0.0031
13845	4.368	-0.0276
6615	6.108	-0.0014
6662	3.776	-0.0313
6540	4.063	-0.0054
8052	4.994	-0.0081
9970	3.927	-0.0360
1913	5.346	-0.0170
2509	5.360	-0.0458
9247	5.787	+0.0041
13846	4.271	-0.0221
5379	6.064	-0.0154
9017	3.942	+0.0216
11295	4.438	-0.0199
10995	4.188	-0.0263
12013	4.578	+0.0075
12439	3.814	+0.0289
7305	5.872	-0.0102
11017	4.291	+0.0225
13118	4.725	-0.0129
7079	3.315	+0.0257
3156	4.820	-0.0607
14271	3.641	-0.0629
9293	3.685	-0.0389
10715	4.623	+0.0323
3807	3.825	-0.0596
13074	4.113	+0.0075
2493	5.130	+0.0164
12642	4.666	-0.0085
12404	4.471	+0.0111
10415	3.470	+0.0457
12612	5.132	-0.0197
12483	5.219	+0.0048
13012	3.907	-0.0213
5159	4.108	+0.0244
9885	5.941	+0.0166
2720	4.554	+0.0315
5179	3.325	-0.0453
4840	3.684	-0.0045
6154	4.150	-0.0037
3937	5.216	-0.0300
10517	3.793	+0.0463
1890	5.361	-0.0189
5871	3.802	-0.0336
13098	4.747	-0.0077
6650	6.127	-0.0086
9020	4.614	-0.0040
10587	3.772	-0.0050
2721	4.692	+0.0327
12016	4.295	+0.0358
11964	4.460	+0.0208
8513	5.856	+0.0241
3274	5.639	+0.0053
7862	5.884	+0.0146
9390	5.011	+0.0185
11824	4.108	+0.0356
13254	4.664	-0.0195
14381	3.828	-0.0569
7082	4.091	+0.0190
9049	5.137	-0.0283
4144	3.817	-0.0038
3207	5.379	-0.0348
3897	5.444	+0.0026
14356	3.898	-0.0587
7432	4.896	-0.0046
10343	4.256	+0.0212
10453	5.442	+0.0361
4117	3.845	-0.0266
12464	5.187	+0.0113
3992	5.876	-0.0032
5982	4.561	-0.0069
7107	5.213	-0.0116
1918	5.347	+0.0186
12558	4.541	-0.0107
3140	5.079	+0.0147
14382	3.806	-0.0550
8436	3.890	+0.0242
7786	3.744	+0.0111
9259	3.604	-0.0069
12987	4.454	-0.0148
4843	4.174	+0.0059
4800	5.507	-0.0082
10500	3.823	+0.0529
11229	3.833	+0.0107
11091	4.910	+0.0235
11359	4.436	+0.0401
12594	4.458	+0.0075
5809	3.130	-0.0147
5915	5.932	-0.0092
4674	4.703	-0.0187
13669	4.198	-0.0319
3247	5.738	+0.0057
12336	3.827	-0.0300
1893	5.297	+0.0096
11806	3.875	+0.0406
13729	4.603	-0.0219
3431	4.106	+0.0083
12647	4.193	+0.0302
2463	4.886	-0.0477
10691	4.664	+0.0316
11936	4.684	+0.0074
3970	5.971	-0.0023
13844	4.522	-0.0309
4071	3.761	-0.0388
13138	4.805	-0.0161
5248	5.578	-0.0095
5489	4.699	-0.0045
2040	4.992	+0.0343
13816	4.581	-0.0379
2012	5.104	+0.0219
11322	4.890	-0.0216
3107	4.334	-0.0618
14314	3.973	-0.0522
6134	5.045	-0.0113
9363	5.025	+0.0087
4653	5.113	-0.0170
8415	3.767	+0.0201
8367	3.618	+0.0257
2041	4.993	+0.0355
3814	4.840	+0.0174
12502	5.292	-0.0014
7766	3.617	+0.0080
7720	3.402	+0.0241
11982	5.229	-0.0169
12516	4.341	+0.0074
13709	4.626	-0.0186
13622	3.750	-0.0449
7410	5.123	-0.0129
10369	4.125	+0.0310
13792	4.622	-0.0352
13259	4.191	+0.0113
4782	5.786	-0.0118
2518	5.419	+0.0160
4149	4.582	+0.0114
14358	3.791	-0.0557
2584	5.532	-0.0124
13154	4.748	-0.0086
13035	4.245	-0.0094
10534	3.730	+0.0347
9835	5.970	+0.0367
10399	4.848	-0.0069
8644	5.376	-0.0158
11024	4.332	-0.0259
7994	5.407	-0.0200
9668	4.450	+0.0068
3302	5.627	+0.0043
13847	4.287	-0.0165
11842	4.076	+0.0271
2719	4.520	+0.0255
11660	4.452	+0.0067
14292	3.999	-0.0498
9815	3.587	+0.0565
11271	4.177	-0.0122
2691	4.715	+0.0120
11127	5.424	+0.0370
12963	3.871	-0.0351
4014	5.864	-0.0044
6001	4.213	-0.0193
6437	3.517	+0.0244
5858	5.361	-0.0121
9669	4.586	-0.0022
4027	4.226	-0.0283
12621	4.336	+0.0200
10350	4.550	-0.0292
10003	5.087	+0.0077
5186	4.990	+0.0080
6573	4.768	+0.0116
3436	4.825	+0.0194
12964	3.770	-0.0387
14380	3.974	-0.0548
2558	5.670	-0.0218
2468	5.023	+0.0114
11755	4.891	+0.0251
6438	3.780	+0.0253
2664	4.883	+0.0039
9165	5.912	+0.0308
3317	4.549	-0.0170
3167	5.371	+0.0104
4695	4.366	-0.0251
12989	3.803	-0.0313
5286	6.038	-0.0079
6756	5.293	-0.0201
9691	4.238	+0.0272
4497	3.526	-0.0436
13749	4.686	-0.0241
5816	4.817	+0.0118
7222	5.994	+0.0054
2017	5.104	+0.0302
11904	4.231	-0.0032
13224	5.196	-0.0250
2722	4.928	+0.0296
12308	4.019	-0.0257
6459	3.222	-0.0101
8492	3.867	+0.0426
8372	4.761	-0.0059
3085	4.454	-0.0172
11305	4.790	+0.0131
4123	5.286	+0.0032
7841	4.114	+0.0323
7725	4.599	+0.0019
9088	3.887	+0.0326
4598	5.691	-0.0051
1936	5.424	-0.0107
10991	4.366	+0.0069
7143	3.727	-0.0039
10050	4.763	-0.0186
12309	3.922	-0.0310
3086	4.664	-0.0032
13198	5.029	-0.0213
13078	4.831	-0.0032
14334	4.068	-0.0513
13823	4.427	-0.0215
10020	4.245	-0.0341
14383	3.912	-0.0497
9975	5.271	-0.0013
10711	5.166	-0.0050
3114	4.970	+0.0154
5451	5.604	-0.0168
14315	3.825	-0.0556
2039	5.090	+0.0292
8612	5.750	-0.0074
3785	4.082	-0.0080
12445	5.127	+0.0153
5155	3.343	-0.0135
6738	5.426	-0.0230
7961	5.778	-0.0114
9786	5.636	+0.0223
2610	5.249	-0.0068
3402	4.275	-0.0110
3786	4.310	+0.0045
6545	5.955	-0.0096
10483	3.706	+0.0540
9066	4.036	+0.0277
9016	3.948	+0.0231
10419	5.125	+0.0107
12012	4.874	-0.0030
3374	4.238	-0.0175
3220	5.848	+0.0057
13732	4.401	-0.0302
11788	3.759	+0.0417
11667	4.098	-0.0294
14294	3.852	-0.0541
7123	3.598	-0.0060
7078	3.322	+0.0182
9903	5.926	+0.0068
2698	5.245	+0.0225
11991	4.450	+0.0305
9667	4.361	+0.0137
12566	4.786	-0.0027
13797	4.459	-0.0280
1986	5.306	+0.0083
3948	5.997	-0.0017
5944	5.026	+0.0015
2042	5.090	+0.0328
5877	5.639	-0.0130
9297	5.436	-0.0104
12962	4.090	-0.0280
6667	6.064	-0.0126
1968	5.320	+0.0230
6436	3.382	+0.0183
9950	3.966	-0.0250
11333	4.677	+0.0244
7354	5.527	-0.0218
10996	4.328	-0.0283
8456	3.947	+0.0296
7806	4.113	+0.0178
4631	5.239	-0.0199
4504	4.910	+0.0166
4821	5.161	-0.0036
13712	4.426	-0.0271
1889	5.561	-0.0266
10377	4.764	-0.0210
13688	4.610	-0.0148
8442	5.804	-0.0132
10716	4.743	+0.0320
7792	5.832	-0.0165
11709	3.795	+0.0292
4077	5.742	-0.0047
10592	5.473	-0.0017
2595	5.571	+0.0132
5470	5.477	-0.0125
12419	3.827	+0.0281
5160	4.556	+0.0199
9670	4.820	-0.0109
11829	5.723	+0.0160
1943	5.424	+0.0205
12356	4.096	+0.0135
2673	5.351	+0.0176
12307	4.231	-0.0179
5838	5.259	-0.0056
10057	4.957	+0.0250
3084	4.348	-0.0313
14248	3.928	-0.0549
6155	4.524	-0.0046
8422	5.752	-0.0224
9700	4.963	-0.0274
13052	4.125	+0.0091
12965	3.798	-0.0382
14336	3.924	-0.0524
7772	5.782	-0.0223
14269	4.146	-0.0448
6439	4.145	+0.0207
6061	5.825	-0.0205
9144	3.736	+0.0480
9021	5.016	-0.0126
12017	4.423	+0.0355
6796	4.883	-0.0068
10522	6.071	+0.0241
4547	4.126	-0.0573
6465	5.252	-0.0034
8723	4.034	-0.0389
11105	3.519	+0.0479
13159	4.984	-0.0156
7199	4.458	+0.0190
7083	4.540	+0.0087
8071	3.841	-0.0444
9915	3.735	+0.0021
11234	5.472	+0.0014
2569	5.671	+0.0129
4683	6.263	-0.0080
2533	5.711	-0.0321
3910	5.039	-0.0369
11811	5.653	+0.0225
3831	4.293	-0.0644
3784	3.966	-0.0220
6679	3.629	-0.0451
5990	6.449	-0.0076
11687	4.110	+0.0210
12522	5.277	-0.0047
13843	4.751	-0.0312
13753	4.488	-0.0303
8754	4.644	-0.0031
12310	3.949	-0.0327
5260	4.583	-0.0236
4844	4.546	+0.0030
8102	4.414	-0.0074
9264	5.806	-0.0032
1867	5.308	-0.0141
3181	5.207	-0.0429
3087	4.883	+0.0068
5397	6.082	-0.0163
10652	4.495	-0.0282
10505	6.085	+0.0308
7321	5.891	-0.0142
10551	3.797	+0.0204
1894	5.458	+0.0135
3411	5.486	+0.0100
8755	4.780	+0.0026
10433	3.535	+0.0476
1993	5.306	+0.0240
8103	4.557	-0.0024
1912	5.615	-0.0220
1868	5.286	-0.0038
3330	5.700	+0.0030
4662	6.352	-0.0068
11862	4.137	+0.0167
13206	4.670	-0.0086
10031	5.078	+0.0158
11381	4.804	+0.0159
11280	5.097	+0.0030
4521	3.906	-0.0577
13643	4.677	-0.0190
5970	6.370	-0.0056
10628	4.352	-0.0245
4036	5.935	-0.0056
6020	3.960	-0.0329
5890	4.282	-0.0183
12378	3.908	+0.0210
3787	4.634	+0.0122
6775	5.342	-0.0140
11382	4.716	+0.0242
2718	4.594	+0.0160
2621	5.558	+0.0128
12641	5.055	-0.0139
11849	5.728	+0.0086
5508	3.938	-0.0061
5433	5.815	-0.0180
4716	4.122	-0.0337
9108	3.819	+0.0369
13770	4.869	-0.0248
3385	5.588	+0.0057
5509	4.098	-0.0025
14379	4.233	-0.0490
7163	4.097	+0.0040
9094	5.668	-0.0083
10539	6.047	+0.0153
13848	4.416	-0.0121
14272	4.004	-0.0495
2485	5.260	-0.0503
2441	4.997	-0.0198
3857	4.547	-0.0568
13621	4.648	-0.0251
7150	5.872	-0.0169
13253	5.053	-0.0210
4703	6.251	-0.0094
8390	3.870	+0.0183
8624	3.831	-0.0324
4143	4.028	-0.0159
7743	3.668	+0.0094
7973	3.628	-0.0433
9819	6.048	+0.0327
14355	4.278	-0.0471
2442	5.035	-0.0073
4762	6.057	-0.0128
6008	6.389	-0.0103
9074	5.509	-0.0198
6579	6.182	-0.0013
7129	5.693	-0.0191
13692	4.558	-0.0229
9744	3.885	+0.0354
9382	4.333	-0.0318
2637	5.048	-0.0055
8732	5.205	+0.0051
8079	5.237	-0.0018
11042	3.937	+0.0312
8753	4.611	-0.0103
2038	5.269	+0.0209
2723	5.247	+0.0237
6502	3.838	-0.0174
8101	4.379	-0.0141
1866	5.420	-0.0241
3430	4.303	-0.0041
12361	4.313	-0.0091
2462	4.989	-0.0509
1919	5.615	+0.0172
8497	6.018	+0.0164
7846	6.045	+0.0087
9413	4.963	+0.0019
11351	5.232	-0.0173
7453	4.287	-0.0101
2011	5.384	+0.0118
12332	4.499	+0.0052
11714	4.642	+0.0024
5202	3.917	-0.0459
14384	4.135	-0.0424
11380	4.990	+0.0060
11636	4.391	-0.0157
13175	4.901	-0.0120
9414	5.091	+0.0080
8366	3.757	+0.0213
7719	3.549	+0.0174
2544	5.853	+0.0119
12648	4.437	+0.0255
7454	4.434	-0.0057
9717	4.193	+0.0298
9666	4.366	+0.0175
11730	3.725	+0.0344
11637	4.302	-0.0219
11793	5.585	+0.0254
3842	5.311	+0.0071
13058	4.769	-0.0014
11692	4.446	-0.0124
13646	4.244	-0.0276
8756	5.012	+0.0059
1869	5.357	+0.0045
4049	4.095	-0.0342
12961	4.411	-0.0191
4556	5.475	-0.0013
6481	3.714	-0.0188
6435	3.388	+0.0097
4475	3.931	+0.0023
3806	4.078	-0.0572
12425	5.069	+0.0151
9955	5.584	-0.0052
10488	6.153	+0.0329
13009	4.316	+0.0027
13623	4.029	-0.0347
10319	4.636	-0.0011
3345	4.427	-0.0209
13260	4.435	+0.0100
7811	5.979	-0.0059
11383	4.731	+0.0288
4569	4.464	-0.0443
4476	4.167	+0.0111
4150	5.022	+0.0057
4641	6.301	-0.0059
2440	4.902	-0.0318
4532	5.283	+0.0041
14407	4.285	-0.0415
14359	4.140	-0.0448
6720	5.730	-0.0211
10466	3.719	+0.0503
2043	5.279	+0.0275
11065	3.740	+0.0371
5951	6.367	-0.0046
10320	4.766	-0.0087
3194	5.819	+0.0053
11769	3.773	+0.0395
5786	3.714	+0.0166
10665	5.090	+0.0121
12306	4.542	-0.0094
14408	4.265	-0.0388
3083	4.353	-0.0417
2494	5.478	+0.0131
8557	4.075	+0.0260
9039	4.160	+0.0232
9276	3.931	-0.0207
3925	5.969	-0.0013
5926	5.002	-0.0017
5510	4.365	-0.0017
7906	4.196	+0.0179
11174	4.161	+0.0369
11248	4.141	-0.0019
5787	3.964	+0.0199
7101	3.595	-0.0017
10342	4.562	+0.0219
5222	4.155	-0.0394
3130	4.835	-0.0579
13775	4.679	-0.0266
6114	5.593	-0.0171
3437	5.245	+0.0124
2469	5.286	+0.0124
9798	3.734	+0.0481
9671	5.058	-0.0171
10990	4.558	+0.0123
11109	5.460	+0.0282
4610	5.062	-0.0245
12986	4.595	-0.0045
12383	4.622	+0.0036
2443	5.109	+0.0025
13283	4.502	+0.0064
5335	4.817	-0.0137
13665	4.621	-0.0111
5808	3.435	-0.0203
9391	5.267	+0.0123
3783	3.971	-0.0333
12966	3.952	-0.0341
2066	5.191	+0.0286
2018	5.384	+0.0233
6556	4.728	+0.0055
6440	4.589	+0.0126
8540	4.251	+0.0339
8698	3.683	-0.0527
8399	5.767	-0.0225
9412	4.933	-0.0058
10710	5.211	-0.0135
7889	4.366	+0.0261
7433	5.361	-0.0063
7750	5.772	-0.0194
11157	4.069	+0.0421
8373	5.246	-0.0129
10681	4.741	-0.0256
7452	4.251	-0.0163
7726	5.100	-0.0068
9149	6.072	+0.0222
10637	5.288	+0.0033
5154	3.493	-0.0226
5267	6.091	-0.0077
2067	5.265	+0.0297
11635	4.586	-0.0082
3459	4.356	+0.0138
7205	6.153	+0.0017
9330	3.843	-0.0459
13815	5.007	-0.0298
14247	4.400	-0.0384
11360	4.771	+0.0289
3870	5.591	+0.0023
10437	5.566	+0.0218
2648	5.632	+0.0115
3106	4.559	-0.0583
12337	4.219	-0.0210
5316	5.219	-0.0092
14313	4.457	-0.0369
6096	5.720	-0.0195
9015	4.076	+0.0215
12011	5.247	-0.0104
3460	4.501	+0.0159
11870	5.646	+0.0029
6685	6.082	-0.0152
12311	4.097	-0.0307
3088	5.057	+0.0111
7077	3.473	+0.0102
2508	5.549	-0.0401
8658	3.595	-0.0522
4474	3.810	-0.0089
5897	6.067	-0.0094
9415	5.309	+0.0115
5490	5.223	-0.0075
11016	4.355	+0.0233
10556	6.041	+0.0072
7455	4.682	-0.0033
10318	4.609	+0.0058
11952	4.858	-0.0165
11638	4.327	-0.0256
8574	4.016	+0.0136
4724	6.318	-0.0106
14406	4.416	-0.0414
7923	4.138	+0.0054
11192	4.103	+0.0281
11659	4.619	+0.0122
11049	4.868	-0.0052
3815	5.208	+0.0111
14291	4.481	-0.0346
9114	5.989	+0.0050
10606	4.204	-0.0156
12611	5.224	-0.0178
3788	5.028	+0.0140
6026	6.328	-0.0128
9764	3.817	+0.0389
1888	5.839	-0.0305
12670	4.702	+0.0095
5785	3.586	+0.0094
7169	6.088	-0.0093
5178	3.747	-0.0403
1960	5.676	-0.0065
9750	5.511	-0.0038
6522	4.199	-0.0090
14863	3.759	-0.0649
12671	4.612	+0.0168
5354	4.489	-0.0218
4477	4.501	+0.0151
5209	5.537	-0.0053
10997	4.572	-0.0263
12582	4.905	-0.0140
13281	4.788	-0.0071
13182	5.082	-0.0119
9209	4.073	+0.0310
4496	3.800	-0.0445
6509	5.868	-0.0144
10321	4.859	-0.0152
13013	4.404	-0.0114
7266	4.425	+0.0086
14864	3.737	-0.0651
9729	5.347	-0.0160
10717	4.960	+0.0272
4116	3.916	-0.0348
14409	4.360	-0.0344
10351	4.884	-0.0248
4172	4.203	+0.0048
12543	5.282	-0.0047
8683	5.445	-0.0097
2065	5.161	+0.0240
5161	5.061	+0.0124
8033	5.475	-0.0143
1935	5.774	-0.0151
5788	4.313	+0.0184
6488	5.689	-0.0138
8752	4.684	-0.0179
8628	5.853	-0.0105
10049	4.718	-0.0248
13113	4.709	+0.0071
12990	4.197	-0.0215
14837	3.787	-0.0641
8100	4.456	-0.0214
7978	5.881	-0.0137
1865	5.619	-0.0313
4173	4.353	+0.0074
14333	4.543	-0.0372
14249	4.267	-0.0435
6156	4.969	-0.0062
10568	3.987	+0.0063
4092	3.875	-0.0396
5817	5.341	+0.0024
9192	4.249	+0.0381
9351	4.008	-0.0431
9050	5.525	-0.0229
13842	5.067	-0.0286
3458	4.321	+0.0081
3358	5.857	+0.0016
9022	5.432	-0.0173
11883	4.312	+0.0063
12398	3.965	+0.0253
11736	5.029	+0.0142
12018	4.655	+0.0301
13284	4.518	+0.0111
7250	4.587	+0.0163
14838	3.766	-0.0645
7108	5.683	-0.0143
13871	4.697	-0.0151
3141	5.520	+0.0085
1402	5.430	+0.0149
10080	5.356	+0.0059
11379	5.263	-0.0033
13599	4.500	-0.0279
4057	6.086	-0.0064
6038	3.819	-0.0436
14226	4.218	-0.0468
13030	4.254	+0.0093
13872	4.607	-0.0102
13824	4.762	-0.0168
13093	4.507	+0.0105
13670	4.664	-0.0194
6815	4.272	-0.0108
8474	4.124	+0.0320
1403	5.430	+0.0183
10081	5.302	+0.0121
2068	5.357	+0.0276
7823	4.357	+0.0228
3260	5.322	-0.0196
3115	5.329	+0.0113
14316	4.288	-0.0413
4737	3.987	-0.0410
4579	5.832	-0.0044
8524	4.385	+0.0363
11981	5.274	-0.0180
7873	4.604	+0.0288
9311	3.928	-0.0403
11140	3.960	+0.0433
10692	5.081	+0.0191
3883	4.955	-0.0408
13791	5.141	-0.0240
6816	4.420	-0.0070
11072	5.144	+0.0088
1895	5.701	+0.0136
2717	4.771	+0.0049
3461	4.746	+0.0147
1379	5.533	+0.0080
14888	3.860	-0.0616
2746	4.716	+0.0201
9226	4.014	+0.0197
3155	5.126	-0.0467
12669	4.891	+0.0013
6135	5.625	-0.0123
2439	4.907	-0.0403
8757	5.326	+0.0066
8705	5.403	-0.0041
1380	5.533	+0.0125
5297	5.444	-0.0089
7282	4.371	-0.0032
14889	3.839	-0.0615
8105	5.126	+0.0012
8053	5.434	-0.0094
1870	5.516	+0.0091
3233	5.688	-0.0229
11668	4.466	-0.0223
4817	3.715	-0.0451
14378	4.585	-0.0408
5230	5.806	-0.0079
14295	4.312	-0.0399
2747	4.850	+0.0216
2699	5.607	+0.0140
14862	3.909	-0.0603
2519	5.835	+0.0104
11926	4.620	-0.0105
11774	5.532	+0.0237
1969	5.676	+0.0169
11025	4.785	-0.0173
13133	4.920	+0.0027
2663	4.939	-0.0073
11384	4.848	+0.0288
13600	4.051	-0.0371
9690	4.514	+0.0237
9932	4.051	-0.0111
4505	5.273	+0.0089
10471	6.105	+0.0298
14268	4.612	-0.0308
13223	5.361	-0.0197
12672	4.627	+0.0213
12622	4.781	+0.0115
13849	4.648	-0.0093
6458	3.656	-0.0125
6697	3.613	-0.0521
14836	3.936	-0.0593
1425	5.417	+0.0199
12477	4.558	+0.0204
4777	3.628	-0.0534
4620	6.274	-0.0054
9336	5.504	-0.0041
5511	4.722	-0.0027
14865	3.845	-0.0611
9411	5.001	-0.0135
9280	5.908	-0.0067
5415	6.179	-0.0159
5934	6.441	-0.0047
7391	5.594	-0.0167
10393	4.008	+0.0330
2037	5.424	+0.0111
1944	5.775	+0.0156
11180	6.241	+0.0184
11965	4.993	+0.0101
1426	5.417	+0.0223
10058	5.259	+0.0179
13870	4.887	-0.0192
7337	5.991	-0.0156
3288	5.027	-0.0192
14337	4.376	-0.0395
1401	5.520	+0.0098
10079	5.327	-0.0018
11634	4.765	-0.0011
13728	5.052	-0.0097
2444	5.276	+0.0078
6797	5.389	-0.0082
9803	6.200	+0.0246
4174	4.606	+0.0072
4124	5.841	-0.0021
5852	4.069	-0.0271
3401	4.339	-0.0209
12458	4.350	+0.0243
3982	5.145	-0.0200
5343	6.771	-0.0080
9989	4.272	-0.0347
8563	6.555	+0.0113
7912	6.580	+0.0063
2724	5.594	+0.0168
4801	6.052	-0.0102
14839	3.872	-0.0606
6562	6.336	-0.0032
1911	5.953	-0.0241
12595	4.991	+0.0025
9126	4.002	+0.0374
11321	5.010	-0.0213
11162	6.242	+0.0236
7940	4.199	-0.0086
9665	4.482	+0.0183
11210	4.164	+0.0173
4473	3.816	-0.0192
11086	3.801	+0.0390
7181	4.653	+0.0114
9176	4.270	+0.0402
8663	5.662	-0.0123
1378	5.621	+0.0023
14887	4.006	-0.0578
8013	5.691	-0.0159
12960	4.813	-0.0104
13708	4.865	-0.0068
13873	4.623	-0.0058
10368	4.307	+0.0274
10317	4.688	+0.0107
2745	4.684	+0.0151
6434	3.536	+0.0016
7233	4.845	+0.0190
14385	4.458	-0.0345
1404	5.520	+0.0195
10082	5.316	+0.0157
11294	4.676	-0.0178
14405	4.651	-0.0385
2583	5.669	-0.0163
1994	5.664	+0.0171
3959	5.523	-0.0202
12640	5.505	-0.0162
5325	6.695	-0.0066
8546	6.477	+0.0152
5372	4.252	-0.0312
7895	6.502	+0.0096
5241	4.598	-0.0260
6817	4.669	-0.0050
1844	5.458	-0.0159
4100	6.062	-0.0051
5832	3.950	-0.0279
9416	5.507	+0.0122
9364	5.463	+0.0019
10615	5.654	-0.0015
13073	4.408	+0.0126
9769	5.840	+0.0087
7456	5.017	-0.0027
7411	5.553	-0.0126
11992	4.885	+0.0187
1845	5.437	-0.0065
12496	4.636	+0.0147
11639	4.463	-0.0260
13798	4.961	-0.0202
12305	4.933	-0.0019
13280	5.072	-0.0124
6528	6.202	-0.0102
1381	5.621	+0.0152
3082	4.469	-0.0463
13620	4.893	-0.0143
13036	4.810	-0.0025
14890	3.943	-0.0576
6079	6.009	-0.0183
13252	5.503	-0.0200
13119	5.387	-0.0048
2557	6.014	-0.0218
2748	5.078	+0.0200
11198	6.229	+0.0117
4142	4.197	-0.0256
14354	4.731	-0.0354
9863	4.190	+0.0322
1424	5.507	+0.0153
2044	5.550	+0.0209
12405	5.107	+0.0110
13748	5.292	-0.0124
1358	5.720	+0.0063
2064	5.226	+0.0166
4822	5.729	-0.0069
3206	5.740	-0.0280
4478	4.913	+0.0142
14273	4.448	-0.0364
4004	4.840	-0.0226
5361	6.713	-0.0097
8722	4.102	-0.0414
8580	6.490	+0.0057
12557	4.774	-0.0065
3782	4.098	-0.0394
8070	3.912	-0.0465
7929	6.515	+0.0015
10449	3.862	+0.0436
10322	4.980	-0.0192
13099	5.407	-0.0012
2674	5.791	+0.0096
3168	5.873	+0.0046
14410	4.561	-0.0291
11750	3.913	+0.0348
3429	4.486	-0.0148
13197	5.146	-0.0142
9846	4.361	+0.0382
10019	4.421	-0.0337
9701	5.363	-0.0213
2461	5.186	-0.0486
9672	5.268	-0.0196
3898	6.022	-0.0011
5908	4.917	-0.0061
5789	4.741	+0.0133
13234	4.881	-0.0010
1427	5.507	+0.0223
6608	4.899	+0.0063
6466	5.679	-0.0084
2010	5.677	+0.0022
12967	4.218	-0.0277
14812	4.084	-0.0552
9215	6.605	+0.0148
2609	5.393	-0.0133
14913	4.080	-0.0547
6441	5.090	+0.0043
10574	6.075	+0.0016
4070	4.081	-0.0378
8365	4.015	+0.0165
13285	4.641	+0.0125
7718	3.821	+0.0114
9243	4.076	+0.0066
7272	6.678	+0.0011
4590	4.979	-0.0281
1920	5.954	+0.0136
4744	6.460	-0.0113
3248	6.308	+0.0010
13642	4.736	-0.0081
7299	4.390	-0.0160
14914	4.060	-0.0542
9316	5.719	-0.0078
8414	4.268	+0.0164
3373	4.414	-0.0243
7765	4.136	+0.0073
6044	6.345	-0.0143
9969	4.348	-0.0293
7373	5.805	-0.0176
12040	5.007	+0.0113
11937	5.288	+0.0023
1843	5.568	-0.0249
2069	5.537	+0.0230
12668	5.169	-0.0059
3412	5.916	+0.0034
13139	5.458	-0.0077
8480	6.255	+0.0082
9198	6.527	+0.0190
12438	4.247	+0.0258
13153	4.971	-0.0020
12312	4.354	-0.0261
7829	6.281	+0.0027
3089	5.318	+0.0109
12649	4.772	+0.0184
9880	4.133	+0.0225
12041	4.923	+0.0179
14225	4.745	-0.0317
14861	4.172	-0.0524
14813	4.023	-0.0568
7256	6.602	+0.0038
11145	6.170	+0.0255
3462	5.076	+0.0114
8640	3.943	-0.0382
13733	5.009	-0.0181
7990	3.745	-0.0468
10966	4.915	-0.0070
6644	4.667	-0.0103
10414	3.942	+0.0363
1356	5.805	-0.0055
4864	4.280	-0.0034
4783	6.249	-0.0118
8508	4.396	+0.0341
1449	5.494	+0.0220
13687	4.773	-0.0042
7857	4.615	+0.0269
11122	3.972	+0.0409
2484	5.473	-0.0438
4170	4.247	-0.0087
10967	4.858	-0.0129
10400	5.440	-0.0012
13624	4.403	-0.0248
3936	5.675	-0.0229
3789	5.290	+0.0117
13261	4.770	+0.0067
5306	6.692	-0.0057
8530	6.474	+0.0162
1450	5.494	+0.0237
1846	5.506	+0.0011
11334	5.188	+0.0125
5870	4.411	-0.0190
7879	6.499	+0.0105
3316	4.817	-0.0213
12355	4.279	+0.0168
5132	4.025	+0.0084
14835	4.197	-0.0512
14360	4.571	-0.0343
5278	5.275	-0.0113
12484	5.908	+0.0062
13713	5.030	-0.0156
5859	5.948	-0.0104
10989	4.845	+0.0151
10378	5.273	-0.0127
8751	4.741	-0.0245
5133	4.256	+0.0130
8099	4.578	-0.0280
9381	4.396	-0.0347
1864	5.742	-0.0346
9232	6.539	+0.0088
13869	5.165	-0.0213
2596	6.076	+0.0067
5471	5.961	-0.0128
8435	4.427	+0.0200
8344	4.369	+0.0132
1400	5.694	+0.0039
10078	5.390	-0.0094
1359	5.805	+0.0102
9937	6.044	-0.0034
7785	4.362	+0.0110
7698	4.192	+0.0158
7289	6.615	-0.0026
10709	5.169	-0.0192
12936	4.392	-0.0256
12673	4.747	+0.0219
2532	5.971	-0.0283
5839	5.771	-0.0083
6757	5.795	-0.0168
3830	4.668	-0.0496
3438	5.719	+0.0062
5153	3.769	-0.0263
6703	6.180	-0.0158
8345	4.583	+0.0086
11686	4.292	+0.0217
11378	5.610	-0.0105
2470	5.624	+0.0102
13598	4.895	-0.0189
14912	4.218	-0.0519
14866	4.072	-0.0538
7699	4.415	+0.0125
12937	4.304	-0.0290
11350	5.284	-0.0200
12465	5.843	+0.0102
3993	6.509	-0.0046
14246	4.842	-0.0262
11306	5.382	+0.0048
10739	5.383	+0.0079
12331	4.560	+0.0104
2019	5.737	+0.0163
9014	4.315	+0.0184
8080	5.571	-0.0042
12010	5.682	-0.0148
2570	6.167	+0.0067
1377	5.792	-0.0035
14886	4.263	-0.0507
8374	5.776	-0.0156
9781	4.001	+0.0385
11092	5.584	+0.0174
4175	4.946	+0.0049
13079	5.425	+0.0014
7076	3.750	+0.0041
7727	5.643	-0.0115
10740	5.305	+0.0138
2744	4.755	+0.0076
12039	5.185	+0.0036
3060	4.691	-0.0115
4520	4.374	-0.0448
13754	5.085	-0.0189
14227	4.468	-0.0377
6174	4.370	-0.0100
9065	4.484	+0.0224
9830	4.268	+0.0400
5452	6.080	-0.0149
14840	4.098	-0.0534
12515	4.690	+0.0079
7122	4.119	-0.0031
3971	6.595	-0.0038
14433	4.801	-0.0284
3061	4.891	-0.0023
6590	5.141	+0.0086
6175	4.515	-0.0066
14915	4.159	-0.0505
9132	6.307	+0.0128
2438	5.010	-0.0439
3805	4.429	-0.0497
5249	6.223	-0.0073
11216	6.154	+0.0057
13874	4.743	-0.0031
7187	6.384	-0.0020
4863	4.245	-0.0086
13207	5.182	-0.0069
14434	4.783	-0.0255
1448	5.582	+0.0180
1887	6.036	-0.0310
1405	5.695	+0.0185
10083	5.420	+0.0163
10032	5.552	+0.0070
9292	4.248	-0.0283
13769	5.421	-0.0145
13647	4.706	-0.0174
3221	6.389	+0.0013
12503	5.973	+0.0018
11270	4.538	-0.0106
7349	3.672	-0.0520
9160	4.282	+0.0379
12042	4.937	+0.0218
6818	5.004	-0.0046
6776	5.756	-0.0134
4026	4.621	-0.0271
12567	5.378	-0.0026
5380	6.656	-0.0112
2622	6.064	+0.0062
5131	3.907	+0.0012
7216	4.925	+0.0174
7946	6.456	-0.0034
8758	5.616	+0.0053
1423	5.682	+0.0094
11708	4.113	+0.0269
13574	4.371	-0.0322
1871	5.757	+0.0102
8389	4.273	+0.0140
9182	6.524	+0.0201
7742	4.140	+0.0064
10341	4.795	+0.0208
10586	4.285	-0.0052
5428	3.643	-0.0563
7240	6.599	+0.0046
1382	5.793	+0.0155
2090	5.241	+0.0214
13575	4.282	-0.0344
14891	4.165	-0.0507
11823	4.606	+0.0263
10968	4.880	-0.0175
13051	4.419	+0.0132
8343	4.261	+0.0153
11903	4.589	-0.0025
2749	5.388	+0.0162
4015	6.498	-0.0055
7697	4.079	+0.0161
9410	4.998	-0.0201
1451	5.582	+0.0230
11385	5.061	+0.0249
12985	4.654	+0.0028
12935	4.587	-0.0202
13601	4.311	-0.0300
10998	4.905	-0.0220
2636	5.197	-0.0130
2091	5.362	+0.0226
2495	5.889	+0.0087
4546	4.588	-0.0398
4078	6.312	-0.0068
5807	3.845	-0.0208
6056	3.805	-0.0490
9087	4.313	+0.0260
8992	4.646	+0.0087
11633	4.942	+0.0045
11756	5.567	+0.0183
13841	5.455	-0.0245
7056	4.128	+0.0158
8607	4.256	-0.0131
1335	5.944	-0.0054
10718	5.261	+0.0201
5134	4.583	+0.0138
7956	4.327	-0.0207
11228	4.338	+0.0065
8993	4.848	+0.0034
8423	6.259	-0.0139
2417	5.115	-0.0157
4673	5.156	-0.0172
5512	5.150	-0.0044
14811	4.337	-0.0475
7773	6.313	-0.0147
4757	3.973	-0.0447
5162	5.518	+0.0052
11805	4.414	+0.0304
7057	4.354	+0.0142
10454	6.137	+0.0230
13814	5.490	-0.0222
13693	5.147	-0.0129
3180	5.580	-0.0327
14250	4.686	-0.0323
6157	5.468	-0.0077
9392	5.599	+0.0065
9869	6.677	+0.0160
2418	5.299	-0.0064
13160	5.616	-0.0087
8346	4.889	+0.0025
10651	4.765	-0.0259
3105	4.875	-0.0504
3059	4.590	-0.0213
4472	3.948	-0.0259
4599	6.325	-0.0050
14312	4.993	-0.0241
7700	4.731	+0.0070
5391	4.122	-0.0388
12938	4.329	-0.0296
7434	5.687	-0.0076
9897	4.193	+0.0110
9023	5.715	-0.0182
2445	5.527	+0.0090
12019	4.975	+0.0223
1428	5.682	+0.0202
12362	4.870	-0.0033
5916	6.588	-0.0053
6634	6.847	-0.0029
10316	4.868	+0.0133
12281	4.630	-0.0181
14432	4.918	-0.0297
7085	5.595	-0.0065
1842	5.583	-0.0314
9976	5.859	-0.0036
2716	4.959	-0.0053
4652	5.533	-0.0149
6661	4.440	-0.0212
14404	4.973	-0.0336
11361	5.179	+0.0183
10741	5.318	+0.0172
12377	4.217	+0.0214
12282	4.547	-0.0223
12446	5.776	+0.0124
6739	5.999	-0.0174
12338	4.683	-0.0135
5783	3.732	-0.0064
9852	6.651	+0.0201
11658	4.679	+0.0150
14290	5.014	-0.0220
4846	5.486	-0.0038
14204	4.377	-0.0395
2689	4.927	-0.0103
2545	6.327	+0.0064
13008	4.490	+0.0085
3331	6.273	-0.0012
14377	5.011	-0.0319
1355	5.971	-0.0110
3062	5.179	+0.0043
3843	5.819	+0.0018
6176	4.759	-0.0050
