grid_idx	min_dist	dV	q
3345	4.427	+0.005576	-1.0000
3346	4.251	+0.005659	-1.0000
3372	4.690	+0.005420	-1.0000
3373	4.414	+0.005845	-1.0000
3374	4.238	+0.005981	-1.0000
3375	4.172	+0.005729	-1.0000
3399	4.781	+0.005389	-1.0000
3400	4.512	+0.005818	-1.0000
3401	4.339	+0.005983	-1.0000
3402	4.275	+0.005791	-1.0000
3427	4.712	+0.005518	-1.0000
3428	4.547	+0.005679	-1.0000
3429	4.486	+0.005539	-1.0000
4006	4.174	+0.005596	-1.0000
4007	3.987	+0.005674	-1.0000
4027	4.226	+0.006005	-1.0000
4028	3.918	+0.006577	-1.0000
4029	3.718	+0.006740	-1.0000
4048	4.501	+0.005734	-1.0000
4049	4.095	+0.006645	-1.0000
4050	3.776	+0.007386	-1.0000
4069	4.488	+0.005962	-1.0000
4070	4.081	+0.006952	-1.0000
4071	3.761	+0.007794	-1.0000
4090	4.584	+0.005892	-1.0000
4091	4.186	+0.006847	-1.0000
4092	3.875	+0.007672	-1.0000
4093	3.672	+0.008095	-1.0000
4094	3.597	+0.007888	-1.0000
4113	4.781	+0.005559	-1.0000
4114	4.401	+0.006386	-1.0000
4115	4.106	+0.007091	-1.0000
4116	3.916	+0.007471	-1.0000
4117	3.845	+0.007356	-1.0000
4118	3.707	+0.006740	-1.0000
4139	4.712	+0.005712	-1.0000
4140	4.437	+0.006254	-1.0000
4141	4.262	+0.006545	-1.0000
4142	4.197	+0.006471	-1.0000
4143	4.028	+0.006016	-1.0000
4167	4.687	+0.005554	-1.0000
4168	4.628	+0.005490	-1.0000
4676	4.015	+0.005675	-1.0000
4677	3.820	+0.005869	-1.0000
4695	4.366	+0.005456	-1.0000
4696	3.946	+0.006345	-1.0000
4697	3.615	+0.007078	-1.0000
4716	4.122	+0.006322	-1.0000
4717	3.674	+0.007565	-1.0000
4736	4.513	+0.005661	-1.0000
4737	3.987	+0.007006	-1.0000
4756	4.500	+0.005873	-1.0000
4757	3.973	+0.007316	-1.0000
4775	4.596	+0.005796	-1.0000
4776	4.081	+0.007167	-1.0000
4777	3.628	+0.008787	-1.0000
4794	4.793	+0.005466	-1.0000
4795	4.301	+0.006635	-1.0000
4796	3.875	+0.007963	-1.0000
4814	4.618	+0.005891	-1.0000
4815	4.224	+0.006877	-1.0000
4816	3.916	+0.007778	-1.0000
4817	3.715	+0.008346	-1.0000
4818	3.641	+0.008354	-1.0000
4838	4.653	+0.005784	-1.0000
4839	4.375	+0.006376	-1.0000
4840	4.197	+0.006725	-1.0000
4841	4.131	+0.006711	-1.0000
4842	3.988	+0.006308	-1.0000
4843	3.774	+0.005576	-1.0000
4866	4.733	+0.005388	-1.0000
5271	3.541	-0.004818	+1.0000
5290	3.449	-0.005595	+1.0000
5291	4.070	-0.005138	+1.0000
5309	3.498	-0.006224	+1.0000
5310	4.112	-0.005568	+1.0000
5311	4.749	-0.004807	+1.0000
5328	3.563	-0.006482	+1.0000
5329	4.195	-0.005707	+1.0000
5330	4.845	-0.004877	+1.0000
5345	3.905	+0.005980	-1.0000
5346	3.402	-0.006252	+1.0000
5347	4.059	-0.005498	+1.0000
5363	3.960	+0.006231	-1.0000
5364	3.380	-0.005612	+1.0000
5365	4.041	-0.004988	+1.0000
5380	4.252	+0.005839	-1.0000
5381	3.689	+0.007414	-1.0000
5382	2.888	-0.004989	+1.0000
5399	4.122	+0.006428	-1.0000
5417	4.108	+0.006695	-1.0000
5435	4.212	+0.006572	-1.0000
5436	3.643	+0.008547	-1.0000
5454	4.426	+0.006120	-1.0000
5455	3.889	+0.007738	-1.0000
5472	4.735	+0.005478	-1.0000
5473	4.237	+0.006689	-1.0000
5474	3.803	+0.008100	-1.0000
5492	4.664	+0.005638	-1.0000
5493	4.274	+0.006557	-1.0000
5494	3.970	+0.007402	-1.0000
5495	3.773	+0.007955	-1.0000
5496	3.699	+0.008018	-1.0000
5497	3.618	+0.007552	-1.0000
5518	4.533	+0.005789	-1.0000
5519	4.361	+0.006081	-1.0000
5520	4.298	+0.006074	-1.0000
5521	4.187	+0.005743	-1.0000
5912	2.923	-0.004950	+1.0000
5913	3.498	-0.005039	+1.0000
5931	3.258	-0.006252	+1.0000
5932	3.910	-0.005659	+1.0000
5933	4.576	-0.004909	+1.0000
5949	3.158	-0.007570	+1.0000
5950	3.827	-0.006575	+1.0000
5951	4.505	-0.005522	+1.0000
5967	3.871	-0.007263	+1.0000
5968	4.543	-0.005941	+1.0000
5969	5.134	-0.004843	+1.0000
5986	4.017	-0.007493	+1.0000
5987	4.558	-0.006047	+1.0000
5988	5.138	-0.004888	+1.0000
6003	4.042	+0.005430	-1.0000
6004	3.584	+0.006464	-1.0000
6005	3.222	-0.008734	+1.0000
6006	3.909	-0.007160	+1.0000
6007	4.600	-0.005796	+1.0000
6022	3.645	+0.006726	-1.0000
6023	3.199	-0.007626	+1.0000
6024	3.891	-0.006375	+1.0000
6025	4.585	-0.005251	+1.0000
6040	3.960	+0.006238	-1.0000
6041	3.327	-0.006247	+1.0000
6042	3.978	-0.005368	+1.0000
6058	3.819	+0.006955	-1.0000
6059	3.526	-0.004893	+1.0000
6075	4.464	+0.005486	-1.0000
6076	3.805	+0.007280	-1.0000
6092	4.560	+0.005423	-1.0000
6093	3.917	+0.007119	-1.0000
6111	4.146	+0.006561	-1.0000
6129	4.474	+0.005797	-1.0000
6130	3.943	+0.007260	-1.0000
6148	4.400	+0.005987	-1.0000
6149	3.984	+0.007102	-1.0000
6150	3.655	+0.008185	-1.0000
6170	4.545	+0.005589	-1.0000
6171	4.260	+0.006180	-1.0000
6172	4.077	+0.006545	-1.0000
6173	4.009	+0.006564	-1.0000
6174	3.962	+0.006209	-1.0000
6175	3.748	+0.005533	-1.0000
6574	3.361	-0.006202	+1.0000
6575	3.996	-0.005591	+1.0000
6576	4.650	-0.004852	+1.0000
6591	3.788	-0.006915	+1.0000
6592	4.472	-0.005748	+1.0000
6608	3.702	-0.008256	+1.0000
6609	4.291	-0.006577	+1.0000
6610	4.903	-0.005253	+1.0000
6626	3.582	-0.009286	+1.0000
6627	4.180	-0.007149	+1.0000
6628	4.805	-0.005579	+1.0000
6644	3.587	-0.009604	+1.0000
6645	4.184	-0.007278	+1.0000
6646	4.809	-0.005628	+1.0000
6662	3.726	-0.009035	+1.0000
6663	4.304	-0.006905	+1.0000
6664	4.914	-0.005380	+1.0000
6679	3.649	-0.007818	+1.0000
6680	4.231	-0.006147	+1.0000
6681	4.844	-0.004894	+1.0000
6695	3.776	+0.006195	-1.0000
6696	3.543	-0.006391	+1.0000
6697	4.140	-0.005215	+1.0000
6712	3.629	+0.006982	-1.0000
6713	3.026	-0.005914	+1.0000
6714	3.573	-0.005051	+1.0000
6729	4.302	+0.005460	-1.0000
6730	3.613	+0.007356	-1.0000
6747	4.402	+0.005406	-1.0000
6748	3.732	+0.007196	-1.0000
6766	3.971	+0.006608	-1.0000
6784	4.313	+0.005806	-1.0000
6785	3.759	+0.007360	-1.0000
6803	4.235	+0.006006	-1.0000
6804	3.801	+0.007188	-1.0000
6823	4.386	+0.005587	-1.0000
6824	4.090	+0.006200	-1.0000
6825	3.899	+0.006577	-1.0000
6826	3.828	+0.006590	-1.0000
6827	3.853	+0.006220	-1.0000
6828	3.632	+0.005534	-1.0000
7208	3.202	-0.005514	+1.0000
7209	3.734	-0.005388	+1.0000
7210	4.314	-0.004939	+1.0000
7227	4.001	-0.006378	+1.0000
7228	4.578	-0.005370	+1.0000
7245	3.662	-0.008115	+1.0000
7246	4.249	-0.006476	+1.0000
7247	4.865	-0.005181	+1.0000
7263	4.016	-0.007517	+1.0000
7264	4.664	-0.005791	+1.0000
7280	3.897	-0.008228	+1.0000
7281	4.561	-0.006170	+1.0000
7282	5.235	-0.004778	+1.0000
7296	3.901	-0.008344	+1.0000
7297	4.565	-0.006205	+1.0000
7298	5.239	-0.004785	+1.0000
7312	4.030	-0.007794	+1.0000
7313	4.675	-0.005877	+1.0000
7328	3.320	-0.008945	+1.0000
7329	3.951	-0.006789	+1.0000
7330	4.602	-0.005281	+1.0000
7344	3.718	+0.005604	-1.0000
7345	3.203	-0.007065	+1.0000
7346	3.853	-0.005647	+1.0000
7361	3.236	-0.005482	+1.0000
7393	3.672	+0.006659	-1.0000
7411	3.916	+0.006159	-1.0000
7429	4.262	+0.005448	-1.0000
7430	3.700	+0.006844	-1.0000
7449	4.183	+0.005629	-1.0000
7450	3.743	+0.006677	-1.0000
7471	4.036	+0.005768	-1.0000
7472	3.842	+0.006070	-1.0000
7473	3.770	+0.006037	-1.0000
7474	3.827	+0.005670	-1.0000
7858	3.868	-0.005793	+1.0000
7859	4.346	-0.005213	+1.0000
7876	3.874	-0.006864	+1.0000
7877	4.432	-0.005655	+1.0000
7894	4.092	-0.006902	+1.0000
7895	4.729	-0.005408	+1.0000
7910	3.850	-0.008085	+1.0000
7911	4.521	-0.006068	+1.0000
7926	3.725	-0.008864	+1.0000
7927	4.416	-0.006461	+1.0000
7928	5.109	-0.004925	+1.0000
7942	3.730	-0.008899	+1.0000
7943	4.420	-0.006457	+1.0000
7944	5.112	-0.004914	+1.0000
7959	3.864	-0.008142	+1.0000
7960	4.533	-0.006049	+1.0000
7976	3.781	-0.006922	+1.0000
7977	4.457	-0.005370	+1.0000
7993	3.679	-0.005665	+1.0000
8024	3.628	+0.005598	-1.0000
8041	3.745	+0.005617	-1.0000
8078	3.773	+0.005819	-1.0000
8098	3.815	+0.005680	-1.0000
8510	3.860	-0.005746	+1.0000
8511	4.308	-0.005152	+1.0000
8528	3.831	-0.006832	+1.0000
8529	4.395	-0.005595	+1.0000
8546	4.052	-0.006852	+1.0000
8547	4.694	-0.005337	+1.0000
8562	3.807	-0.008031	+1.0000
8563	4.485	-0.005980	+1.0000
8578	3.681	-0.008745	+1.0000
8579	4.379	-0.006335	+1.0000
8580	5.077	-0.004827	+1.0000
8594	3.686	-0.008635	+1.0000
8595	4.383	-0.006273	+1.0000
8596	5.080	-0.004793	+1.0000
8611	3.822	-0.007710	+1.0000
8612	4.497	-0.005810	+1.0000
8628	3.737	-0.006416	+1.0000
8629	4.420	-0.005113	+1.0000
8645	3.633	-0.005221	+1.0000
9162	3.669	-0.005162	+1.0000
9180	3.904	-0.006190	+1.0000
9181	4.469	-0.005156	+1.0000
9198	4.132	-0.006266	+1.0000
9199	4.764	-0.004954	+1.0000
9214	3.892	-0.007273	+1.0000
9215	4.557	-0.005511	+1.0000
9230	3.769	-0.007805	+1.0000
9231	4.452	-0.005788	+1.0000
9246	3.774	-0.007551	+1.0000
9247	4.457	-0.005676	+1.0000
9263	3.875	-0.006600	+1.0000
9264	4.569	-0.005215	+1.0000
9280	3.823	-0.005436	+1.0000
9835	3.672	-0.005080	+1.0000
9852	4.151	-0.005280	+1.0000
9868	4.096	-0.006019	+1.0000
9869	4.733	-0.004767	+1.0000
9884	3.980	-0.006346	+1.0000
9885	4.632	-0.004957	+1.0000
9900	3.912	-0.006047	+1.0000
9901	4.604	-0.004829	+1.0000
9917	3.891	-0.005249	+1.0000
10537	4.080	-0.004831	+1.0000
