idx	x_ang	y_ang	z_ang	shell	V_R	V_TS	Dv
20000	71.6764	35.1395	54.5551	9.0	-0.08683663	-0.08617960	0.00065703
20001	68.7498	27.9130	62.4802	9.0	-0.08159822	-0.08161147	-0.00001325
20002	46.6977	31.2853	53.1260	7.4	-0.07735538	-0.07773060	-0.00037522
20003	50.3781	37.9885	62.9247	7.5	-0.08881830	-0.08975440	-0.00093610
20004	58.3151	22.3095	56.9998	7.7	-0.08785914	-0.08776175	0.00009739
20005	48.1298	35.6616	49.0166	8.2	-0.07859577	-0.07881023	-0.00021446
20006	47.2597	30.7440	50.4353	7.9	-0.07539398	-0.07560981	-0.00021583
20007	55.5828	40.9183	45.5436	9.0	-0.08058962	-0.08045143	0.00013819
20008	68.2343	34.5149	47.0281	8.0	-0.08793501	-0.08666852	0.00126649
20009	51.5256	32.1096	46.4389	7.4	-0.08402446	-0.08382600	0.00019846
20010	54.8904	41.2183	65.1175	8.4	-0.08588637	-0.08669215	-0.00080578
20011	69.8871	31.0842	49.8237	7.6	-0.09051156	-0.08896014	0.00155143
20012	63.3389	45.1970	59.7077	8.5	-0.08521635	-0.08557952	-0.00036317
20013	57.5295	37.0859	44.7285	7.7	-0.08932537	-0.08876247	0.00056290
20014	54.2469	23.5047	61.8381	8.7	-0.07658396	-0.07724544	-0.00066148
20015	63.1187	26.4008	62.2652	7.1	-0.09721471	-0.09782478	-0.00061007
20016	70.4625	31.4104	56.3385	7.2	-0.09655751	-0.09565068	0.00090683
20017	69.3722	25.0152	55.2359	8.6	-0.08283979	-0.08187020	0.00096959
20018	52.9642	34.5405	45.9062	7.2	-0.08787926	-0.08760558	0.00027368
20019	49.1535	40.5944	54.7264	7.8	-0.08839947	-0.08890454	-0.00050508
20020	68.3063	23.6398	56.5469	8.9	-0.08047295	-0.07972629	0.00074665
20021	67.0825	35.0057	64.6287	8.5	-0.08759763	-0.08818630	-0.00058867
20022	55.9845	46.5510	55.2783	8.7	-0.08359185	-0.08388580	-0.00029395
20023	62.2941	28.1362	63.5019	7.0	-0.10045978	-0.10162675	-0.00116696
20024	54.3404	22.4074	59.4109	8.5	-0.07697351	-0.07738703	-0.00041352
20025	70.5066	35.2436	56.0761	7.9	-0.09547266	-0.09490701	0.00056566
20026	50.6445	41.9893	53.4581	7.9	-0.08957987	-0.09000779	-0.00042792
20027	69.4251	35.7092	57.5068	7.3	-0.10197607	-0.10166602	0.00031005
20028	49.5453	28.8675	48.9668	7.4	-0.07913763	-0.07915879	-0.00002116
20029	53.6274	41.9431	62.3528	7.2	-0.09378146	-0.09451044	-0.00072898
20030	66.6489	41.9928	56.0730	7.8	-0.09624290	-0.09636731	-0.00012441
20031	59.8707	41.6545	64.3552	7.7	-0.09312509	-0.09391981	-0.00079473
20032	58.4040	28.2934	64.5831	7.1	-0.09495584	-0.09657753	-0.00162169
20033	54.9179	22.7300	56.5098	7.5	-0.08370952	-0.08386609	-0.00015657
20034	64.6050	23.9809	60.1594	7.9	-0.08810422	-0.08797515	0.00012907
20035	60.1312	40.0788	47.3730	7.2	-0.09898486	-0.09861067	0.00037420
20036	51.0783	35.2298	63.6566	7.3	-0.09191280	-0.09316723	-0.00125444
20037	52.0934	30.7840	65.7126	8.9	-0.08035633	-0.08155381	-0.00119748
20038	56.2032	21.9854	53.9515	8.3	-0.08272413	-0.08243485	0.00028929
20039	51.2145	24.7896	50.7277	8.1	-0.07732183	-0.07724115	0.00008068
20040	60.9489	37.1973	45.0483	7.6	-0.09260217	-0.09177992	0.00082226
20041	60.4991	24.5838	49.4942	7.0	-0.09696135	-0.09523247	0.00172888
20042	54.2127	42.2924	49.1630	8.1	-0.08920570	-0.08935475	-0.00014904
20043	60.2770	29.6260	66.1344	7.9	-0.08973926	-0.09108495	-0.00134569
20044	67.0611	31.2189	45.4040	8.2	-0.08411670	-0.08264746	0.00146925
20045	64.9524	26.5241	63.3101	8.3	-0.08720211	-0.08759881	-0.00039671
20046	67.4778	40.2317	60.8524	8.0	-0.09093889	-0.09131527	-0.00037638
20047	59.5009	39.3355	66.2600	8.4	-0.08977971	-0.09075928	-0.00097956
20048	52.8486	23.6320	57.5804	7.5	-0.08106624	-0.08149057	-0.00042434
20049	64.9396	33.2655	44.4287	8.1	-0.08623891	-0.08490329	0.00133562
20050	55.3465	24.9889	48.8173	7.8	-0.08727563	-0.08652527	0.00075036
20051	66.7933	36.5453	46.0673	8.5	-0.08620751	-0.08520214	0.00100538
20052	49.5178	35.2396	46.2219	9.0	-0.07541289	-0.07541328	-0.00000039
20053	64.5599	45.2005	54.5799	8.8	-0.08507127	-0.08519006	-0.00011879
20054	59.6663	42.9613	50.2705	7.3	-0.09934937	-0.09939095	-0.00004158
20055	57.6536	47.1925	55.2885	9.0	-0.08126339	-0.08152114	-0.00025775
20056	62.7028	28.7760	66.2134	9.0	-0.08430019	-0.08521474	-0.00091455
20057	56.2816	44.1491	51.0611	8.0	-0.09172704	-0.09192344	-0.00019640
20058	66.4158	40.6692	50.6785	8.5	-0.09520386	-0.09480758	0.00039627
20059	59.3520	24.8026	64.2758	8.9	-0.08130705	-0.08209384	-0.00078679
20060	46.4103	33.6992	57.1613	7.8	-0.07942834	-0.08001510	-0.00058677
20061	46.7790	28.8984	55.0574	7.7	-0.07460169	-0.07501083	-0.00040914
20062	60.9492	22.4278	52.2698	8.2	-0.08919885	-0.08809908	0.00109977
20063	48.5787	36.1001	61.0901	7.7	-0.08700873	-0.08788883	-0.00088011
20064	49.9644	24.9273	54.4097	7.7	-0.07689723	-0.07715983	-0.00026260
20065	59.4041	44.9484	61.4931	8.0	-0.08800743	-0.08850301	-0.00049558
20066	54.2873	44.9067	61.2421	8.8	-0.08321381	-0.08371279	-0.00049898
20067	60.0045	43.0053	63.5783	7.9	-0.09026609	-0.09092535	-0.00065926
20068	69.9547	38.0467	58.8293	8.6	-0.08907172	-0.08907426	-0.00000255
20069	69.7484	37.5702	52.1100	8.4	-0.09216110	-0.09146736	0.00069374
20070	61.2499	27.5507	65.3707	8.6	-0.08690656	-0.08793466	-0.00102810
20071	56.7110	30.7358	43.5927	9.0	-0.08223554	-0.08137040	0.00086514
20072	57.1254	45.7670	52.6481	8.4	-0.08675020	-0.08696583	-0.00021563
20073	59.9205	22.3363	50.1170	8.9	-0.08351259	-0.08245743	0.00105515
20074	66.7037	27.2429	46.1358	8.6	-0.08082792	-0.07932681	0.00150111
20075	62.6287	22.3924	57.8054	8.1	-0.08749196	-0.08711449	0.00037747
20076	63.5751	44.2890	53.2605	7.9	-0.09228668	-0.09237694	-0.00009026
20077	49.6104	27.3954	60.4376	7.8	-0.07901727	-0.07982331	-0.00080604
20078	52.2674	42.0104	61.5550	7.4	-0.09093418	-0.09161027	-0.00067609
20079	49.3232	39.6478	52.7924	7.9	-0.08946539	-0.08992981	-0.00046442
20080	52.8243	22.0852	56.7042	8.8	-0.07460006	-0.07481322	-0.00021316
20081	62.3678	26.3708	45.8026	8.0	-0.08592514	-0.08432139	0.00160375
20082	47.2163	29.0753	58.5445	7.9	-0.07553305	-0.07613943	-0.00060638
20083	51.0711	42.2096	57.7407	7.1	-0.09347103	-0.09403231	-0.00056128
20084	59.0541	27.9018	46.1328	7.2	-0.09534301	-0.09370578	0.00163723
20085	52.2135	38.5321	47.0098	7.8	-0.08518539	-0.08520234	-0.00001696
20086	49.9083	24.7965	59.4490	8.8	-0.07337634	-0.07393549	-0.00055915
20087	46.2595	37.1741	54.3198	8.9	-0.07756705	-0.07801445	-0.00044740
20088	57.4834	32.0504	67.3155	8.1	-0.08620927	-0.08761016	-0.00140088
20089	57.2348	27.8772	45.8643	8.1	-0.09043864	-0.08922395	0.00121468
20090	49.4845	36.4552	49.2064	7.4	-0.08570812	-0.08595555	-0.00024743
20091	57.5951	41.4869	46.2503	8.7	-0.08489914	-0.08472467	0.00017446
20092	60.2900	45.7459	60.1201	8.2	-0.08623593	-0.08664775	-0.00041182
20093	49.0184	24.6474	56.7503	8.6	-0.07217419	-0.07255556	-0.00038137
20094	56.8499	33.2881	43.0068	9.0	-0.08079174	-0.08007199	0.00071975
20095	56.3549	22.1293	60.8600	9.0	-0.07678400	-0.07721225	-0.00042824
20096	65.5979	41.7082	62.9570	8.8	-0.08556419	-0.08606907	-0.00050489
20097	57.9474	21.5193	54.3128	8.7	-0.08304744	-0.08262843	0.00041901
20098	51.9079	24.5235	55.4156	7.1	-0.08317751	-0.08349346	-0.00031595
20099	53.9258	29.3615	44.4604	9.0	-0.07853469	-0.07795957	0.00057512
20100	68.0910	38.8309	49.5082	8.6	-0.09003837	-0.08935356	0.00068480
20101	71.0592	35.1386	58.9091	8.9	-0.08716663	-0.08696921	0.00019742
20102	70.6042	27.8801	55.8957	8.1	-0.08699257	-0.08603957	0.00095300
20103	51.4300	28.3214	48.1164	7.1	-0.08343615	-0.08323762	0.00019853
20104	58.3153	33.8453	66.9936	7.6	-0.09113144	-0.09260770	-0.00147626
20105	57.7435	45.2990	54.4108	7.3	-0.09436710	-0.09465855	-0.00029144
20106	49.7556	39.7579	62.7458	8.4	-0.08213905	-0.08287592	-0.00073688
20107	58.8300	23.9195	51.0824	7.4	-0.09675815	-0.09549304	0.00126511
20108	51.4551	40.9258	52.2069	7.3	-0.09636748	-0.09680660	-0.00043912
20109	71.0753	33.6065	56.3653	8.0	-0.09226191	-0.09160980	0.00065211
20110	64.9884	23.5691	52.5972	7.7	-0.09155579	-0.09008451	0.00147128
20111	57.2204	21.6451	52.6073	9.0	-0.08140636	-0.08088707	0.00051929
20112	64.0774	35.2869	45.5285	7.3	-0.09483711	-0.09353630	0.00130080
20113	47.0003	33.4857	50.9770	7.8	-0.07779994	-0.07810545	-0.00030551
20114	60.6153	26.2781	46.1419	7.8	-0.08863203	-0.08705394	0.00157808
20115	48.0042	28.5329	60.5083	8.4	-0.07508591	-0.07580109	-0.00071518
20116	62.4183	22.4555	59.7870	8.6	-0.08379694	-0.08374841	0.00004852
20117	64.8309	33.5622	66.5521	8.8	-0.08500870	-0.08583370	-0.00082500
20118	54.8673	40.9100	48.5628	7.1	-0.09499237	-0.09507370	-0.00008133
20119	69.4632	35.8282	61.4560	8.6	-0.08896016	-0.08914431	-0.00018415
20120	49.2014	36.8333	63.4169	8.5	-0.08176995	-0.08264712	-0.00087716
20121	62.8402	31.6658	65.7108	7.6	-0.09428556	-0.09551363	-0.00122807
20122	61.0891	29.6212	43.2444	8.9	-0.08116126	-0.07992858	0.00123268
20123	64.1990	38.2123	65.2492	8.1	-0.09051020	-0.09133936	-0.00082916
20124	67.2952	42.1206	60.7898	9.0	-0.08428797	-0.08461391	-0.00032594
20125	66.9028	41.3372	59.1173	7.7	-0.09427252	-0.09459433	-0.00032181
20126	60.4655	45.5967	57.8185	7.5	-0.09157222	-0.09192942	-0.00035720
20127	49.0221	35.3315	63.8789	8.9	-0.07979988	-0.08071269	-0.00091281
20128	59.9648	38.3117	45.3852	7.7	-0.09218242	-0.09156655	0.00061587
20129	65.2304	39.2010	47.1557	8.5	-0.09036633	-0.08967742	0.00068891
20130	45.6467	32.2911	53.5648	8.3	-0.07352913	-0.07390213	-0.00037300
20131	51.5755	23.1883	53.4480	8.6	-0.07546399	-0.07552060	-0.00005660
20132	48.9677	42.5365	55.6474	8.9	-0.08049595	-0.08092825	-0.00043230
20133	48.9047	30.6153	47.0393	8.6	-0.07374849	-0.07371620	0.00003229
20134	52.9995	39.8219	63.6245	7.1	-0.09381642	-0.09475474	-0.00093832
20135	56.1042	41.0914	46.9556	8.0	-0.08816345	-0.08807530	0.00008815
20136	46.8788	27.2978	58.1603	8.8	-0.07048479	-0.07097742	-0.00049264
20137	68.6941	38.2069	53.4924	7.8	-0.10038669	-0.09985748	0.00052921
20138	50.1437	27.9876	62.5957	8.5	-0.07780614	-0.07873704	-0.00093091
20139	54.5963	37.3949	65.3965	7.3	-0.09478626	-0.09607453	-0.00128827
20140	50.0535	37.6346	47.5377	8.5	-0.08034962	-0.08045769	-0.00010808
20141	70.8284	33.1975	54.5598	7.7	-0.09490154	-0.09392826	0.00097328
20142	63.3465	22.1145	55.8391	8.2	-0.08670861	-0.08598065	0.00072796
20143	48.5723	34.6058	61.5589	8.0	-0.08554074	-0.08647823	-0.00093749
20144	46.2023	27.7822	53.5074	8.8	-0.06926430	-0.06954260	-0.00027830
20145	58.7923	45.6520	52.7692	8.1	-0.08882428	-0.08901653	-0.00019225
20146	58.5651	23.9617	61.2692	7.5	-0.08854161	-0.08918424	-0.00064263
20147	67.9424	39.8274	62.6428	9.0	-0.08367321	-0.08406051	-0.00038730
20148	68.2800	26.2152	56.0536	7.0	-0.09496985	-0.09381883	0.00115103
20149	51.4502	24.6017	49.2534	8.8	-0.07445696	-0.07426086	0.00019610
20150	61.7647	31.4694	67.4462	8.9	-0.08389723	-0.08497156	-0.00107432
20151	48.4398	39.2680	57.9612	7.6	-0.08776526	-0.08840308	-0.00063782
20152	66.2278	29.3301	64.6100	8.8	-0.08578979	-0.08630009	-0.00051029
20153	51.1002	42.7247	55.9602	7.5	-0.09132688	-0.09181292	-0.00048605
20154	61.6447	44.2692	50.1199	8.7	-0.08781116	-0.08778494	0.00002622
20155	58.4359	43.8007	49.5180	8.4	-0.09005632	-0.09010098	-0.00004467
20156	52.1307	27.7117	45.9245	8.8	-0.07602549	-0.07564915	0.00037634
20157	54.9580	29.3944	66.1572	8.4	-0.08315470	-0.08449397	-0.00133927
20158	67.4035	34.4305	62.8176	7.5	-0.09654561	-0.09706411	-0.00051850
20159	72.0988	31.4683	55.7659	8.8	-0.08438157	-0.08363200	0.00074957
20160	55.8248	42.3904	48.7020	8.0	-0.09078382	-0.09085426	-0.00007044
20161	51.7075	37.3442	45.6515	8.6	-0.07914388	-0.07906998	0.00007390
20162	49.5386	39.3942	60.7034	7.4	-0.08900362	-0.08975603	-0.00075241
20163	63.9327	45.3365	56.8230	8.4	-0.08652485	-0.08676624	-0.00024139
20164	52.8910	26.0915	46.6345	8.9	-0.07637991	-0.07593678	0.00044313
20165	47.5441	35.5140	53.0606	7.2	-0.08512692	-0.08560660	-0.00047968
20166	55.1844	42.2531	63.9920	8.1	-0.08834082	-0.08907217	-0.00073135
20167	63.0886	42.1490	64.3091	8.8	-0.08539434	-0.08601177	-0.00061743
20168	67.2646	38.1804	51.0220	7.1	-0.10415118	-0.10337369	0.00077749
20169	49.6947	37.6277	50.2716	7.3	-0.08920126	-0.08954641	-0.00034515
20170	59.3098	39.6938	45.8134	8.1	-0.09025151	-0.08983781	0.00041370
20171	69.6849	37.0218	54.2948	8.0	-0.09786243	-0.09726691	0.00059552
20172	70.3793	29.8828	51.9657	7.7	-0.09134551	-0.08987165	0.00147386
20173	62.9482	27.7667	45.1140	7.9	-0.08631312	-0.08468015	0.00163297
20174	64.3549	31.7611	66.5032	8.8	-0.08522518	-0.08608827	-0.00086309
20175	55.5120	43.8061	62.8077	8.4	-0.08663013	-0.08722915	-0.00059901
20176	67.7520	37.3492	60.7320	7.0	-0.10007623	-0.10046072	-0.00038449
20177	68.4208	36.0888	47.0932	8.6	-0.08517998	-0.08415844	0.00102154
20178	49.4110	25.6323	52.2345	7.9	-0.07556555	-0.07570691	-0.00014135
20179	58.9634	45.6464	57.8364	7.4	-0.09225040	-0.09262442	-0.00037403
20180	61.5807	46.6365	57.1859	8.7	-0.08315573	-0.08342869	-0.00027296
20181	65.7851	30.6317	46.1167	7.0	-0.09300002	-0.09111072	0.00188929
20182	66.7604	25.1424	58.4107	7.2	-0.09273542	-0.09212789	0.00060753
20183	57.9343	43.3774	64.7544	9.0	-0.08271444	-0.08334826	-0.00063383
20184	54.6931	22.2794	53.0842	8.5	-0.08015379	-0.07993078	0.00022302
20185	68.0936	40.5148	51.8333	9.0	-0.09054157	-0.09017353	0.00036804
20186	57.1149	34.4962	43.9598	8.0	-0.08696157	-0.08621971	0.00074186
20187	67.6042	40.6549	55.3662	7.7	-0.09799861	-0.09795824	0.00004038
20188	65.8077	42.1673	53.9729	7.6	-0.09852792	-0.09853531	-0.00000739
20189	56.6197	24.8739	63.1071	8.1	-0.08362964	-0.08456599	-0.00093634
20190	54.0757	45.8788	58.5816	8.9	-0.08257364	-0.08297747	-0.00040383
20191	65.9423	32.4132	65.0537	8.2	-0.08966638	-0.09039247	-0.00072609
20192	50.9105	27.0755	48.9495	7.5	-0.08008579	-0.07996013	0.00012566
20193	52.0121	36.1055	66.0125	8.7	-0.08271152	-0.08378663	-0.00107511
20194	69.9896	36.0792	48.7303	8.9	-0.08395015	-0.08301582	0.00093433
20195	61.9591	23.2440	50.8513	7.7	-0.09129850	-0.08983615	0.00146235
20196	67.3053	24.2600	53.8575	7.9	-0.08850514	-0.08722419	0.00128095
20197	68.4793	40.5402	53.9827	8.6	-0.09201912	-0.09180277	0.00021635
20198	62.1518	45.8764	53.8163	8.5	-0.08598396	-0.08613551	-0.00015155
20199	59.8998	46.0616	55.1363	7.9	-0.08907630	-0.08933198	-0.00025568
20200	67.0136	28.5085	47.7506	7.1	-0.09207283	-0.09010445	0.00196838
20201	63.9112	25.5724	47.1474	7.8	-0.08703668	-0.08532070	0.00171598
20202	68.9644	25.1650	50.6432	9.0	-0.08030210	-0.07899412	0.00130798
20203	70.2778	33.4479	51.5639	7.5	-0.09451979	-0.09322976	0.00129003
20204	45.8935	35.5629	53.2094	8.7	-0.07553248	-0.07592615	-0.00039366
20205	58.3483	39.5256	65.3159	7.5	-0.09634467	-0.09741506	-0.00107039
20206	61.4627	46.6258	59.3006	9.0	-0.08099975	-0.08133109	-0.00033134
20207	54.7843	27.2738	63.7978	7.4	-0.08734840	-0.08870301	-0.00135461
20208	58.0300	43.7996	62.7024	7.8	-0.09041716	-0.09102272	-0.00060556
20209	60.4719	28.0531	44.8073	8.0	-0.08728364	-0.08580030	0.00148333
20210	65.6514	43.4126	60.1309	8.6	-0.08678308	-0.08714608	-0.00036301
20211	64.5708	37.9032	45.7271	8.5	-0.08851552	-0.08767331	0.00084220
20212	55.0993	26.5266	65.1024	8.8	-0.07941556	-0.08048802	-0.00107246
20213	60.0582	22.7653	56.7529	7.2	-0.09323446	-0.09289107	0.00034340
20214	70.4173	27.2837	50.4202	9.0	-0.08035256	-0.07906598	0.00128658
20215	52.4613	28.0760	62.7231	7.1	-0.08709702	-0.08839619	-0.00129916
20216	60.0408	31.6796	66.2816	7.3	-0.09396878	-0.09551932	-0.00155054
20217	63.0661	29.7634	43.4207	8.8	-0.08072236	-0.07940582	0.00131655
20218	67.2984	37.0592	62.7832	7.7	-0.09360463	-0.09414155	-0.00053692
20219	63.2767	25.0522	45.8853	8.9	-0.07972806	-0.07834467	0.00138340
20220	62.4094	36.3682	43.8073	8.8	-0.08440835	-0.08352441	0.00088394
20221	52.4274	43.3439	56.4024	7.2	-0.09489862	-0.09537791	-0.00047930
20222	62.8310	23.7092	58.6125	7.1	-0.09518475	-0.09491468	0.00027007
20223	62.4770	43.5417	60.9519	7.3	-0.09468955	-0.09522239	-0.00053284
20224	53.9596	21.7395	54.8337	8.8	-0.07639005	-0.07638057	0.00000948
20225	63.4512	44.0164	58.3075	7.2	-0.09572794	-0.09611296	-0.00038502
20226	55.2499	33.7928	66.8888	8.0	-0.08731286	-0.08872102	-0.00140816
20227	69.4542	25.8043	53.3591	8.4	-0.08520839	-0.08395979	0.00124860
20228	48.6257	37.8907	54.3165	7.3	-0.09219467	-0.09278091	-0.00058624
20229	64.7060	30.8187	64.1107	7.1	-0.09855517	-0.09949474	-0.00093957
20230	57.5550	46.4302	57.2681	8.2	-0.08628071	-0.08661924	-0.00033854
20231	62.8932	41.9802	62.5973	7.4	-0.09560975	-0.09628206	-0.00067231
20232	71.0800	29.7529	54.9049	8.0	-0.08915905	-0.08810365	0.00105540
20233	46.5823	29.4910	53.0429	7.9	-0.07379577	-0.07411272	-0.00031695
20234	52.7691	44.5207	59.5762	8.4	-0.08493669	-0.08541933	-0.00048263
20235	64.3645	40.6131	64.2890	8.5	-0.08800624	-0.08866792	-0.00066168
20236	61.7694	34.5933	65.9493	7.2	-0.09744118	-0.09881552	-0.00137434
20237	51.5391	25.6758	59.2577	7.1	-0.08306521	-0.08382600	-0.00076079
20238	68.8525	34.3810	61.0814	7.8	-0.09608934	-0.09625106	-0.00016172
20239	49.0123	31.9404	62.7044	8.5	-0.08143424	-0.08243305	-0.00099881
20240	47.6437	28.4220	50.8455	8.1	-0.07374219	-0.07391390	-0.00017172
20241	54.7832	31.7915	43.6609	8.9	-0.07989556	-0.07929315	0.00060241
20242	62.1918	41.1372	49.5681	7.1	-0.10435123	-0.10411082	0.00024041
20243	66.2004	24.8673	51.9800	7.2	-0.09482114	-0.09304764	0.00177350
20244	67.5208	28.9224	61.3726	7.1	-0.09592369	-0.09594828	-0.00002459
20245	50.4860	25.4876	56.8524	7.1	-0.08079788	-0.08130464	-0.00050676
20246	57.3670	42.9531	50.6911	7.1	-0.10056551	-0.10073464	-0.00016912
20247	52.1138	31.5279	64.2347	7.6	-0.08948898	-0.09096363	-0.00147465
20248	56.4408	34.7433	66.1212	7.0	-0.09625046	-0.09789833	-0.00164787
20249	54.3656	31.1344	65.8032	7.7	-0.08805432	-0.08958973	-0.00153541
20250	47.2414	26.1922	53.3124	8.8	-0.06964934	-0.06988163	-0.00023229
20251	56.1347	27.7110	47.3250	7.0	-0.09636672	-0.09522564	0.00114108
20252	66.9797	25.2440	61.8730	8.9	-0.08135035	-0.08132202	0.00002833
20253	53.2706	40.8550	65.1713	8.7	-0.08248476	-0.08326866	-0.00078390
20254	47.3017	34.9265	56.8933	7.2	-0.08583597	-0.08648578	-0.00064981
20255	54.5194	24.3473	49.9720	7.8	-0.08514743	-0.08463112	0.00051631
20256	69.8882	38.3395	56.2336	8.5	-0.09217704	-0.09194806	0.00022897
20257	63.8527	23.6276	49.9678	7.9	-0.08809654	-0.08653336	0.00156318
20258	56.7979	39.0849	44.7593	8.5	-0.08369308	-0.08336487	0.00032822
20259	58.0464	35.2685	67.5651	8.3	-0.08690723	-0.08816721	-0.00125998
20260	62.2919	31.6694	43.3719	8.5	-0.08381784	-0.08254389	0.00127395
20261	55.5428	26.1328	47.6860	7.7	-0.08880477	-0.08792598	0.00087878
20262	50.0191	38.8291	64.4409	9.0	-0.07880932	-0.07959569	-0.00078637
20263	69.1396	39.2249	57.2551	8.1	-0.09324396	-0.09321029	0.00003367
20264	54.3903	39.0140	65.8654	8.2	-0.08715289	-0.08814990	-0.00099701
20265	62.8626	33.8831	67.4336	8.9	-0.08435263	-0.08533597	-0.00098334
20266	52.3549	29.6417	45.1071	8.7	-0.07746592	-0.07707224	0.00039368
20267	51.8075	38.8496	65.3814	8.7	-0.08169232	-0.08257054	-0.00087822
20268	45.7543	31.7095	57.4851	8.4	-0.07382266	-0.07435232	-0.00052966
20269	48.4373	40.7920	60.6860	8.9	-0.07870359	-0.07929665	-0.00059306
20270	62.0424	38.6644	45.5958	8.0	-0.09078384	-0.09010647	0.00067737
20271	65.3828	41.0659	49.0929	8.7	-0.09131225	-0.09090168	0.00041057
20272	66.1329	40.4640	61.6643	7.6	-0.09397298	-0.09450453	-0.00053156
20273	66.2483	34.5655	44.2745	9.0	-0.08091723	-0.07982998	0.00108725
20274	60.3642	36.0931	43.2752	8.9	-0.08299118	-0.08220512	0.00078605
20275	63.4841	41.9188	48.4735	8.7	-0.09028215	-0.08998162	0.00030053
20276	55.2944	45.6404	57.2008	8.0	-0.08861822	-0.08900112	-0.00038290
20277	58.5344	36.6800	43.4442	8.9	-0.08277505	-0.08214734	0.00062771
20278	46.4926	34.4284	58.8652	8.4	-0.07871657	-0.07936787	-0.00065130
20279	57.8884	29.3185	65.8597	7.6	-0.08985531	-0.09138152	-0.00152621
20280	69.6355	32.7425	60.3248	7.7	-0.09390917	-0.09380455	0.00010461
20281	68.0582	36.8954	48.3340	8.0	-0.09118895	-0.09018915	0.00099981
20282	51.0404	26.4556	47.0993	9.0	-0.07329293	-0.07304651	0.00024642
20283	50.8219	29.9249	63.2086	7.9	-0.08408620	-0.08528233	-0.00119613
20284	67.1068	38.7027	47.6842	8.8	-0.08743171	-0.08669184	0.00073987
20285	57.5807	25.7509	47.9772	7.7	-0.09355016	-0.09224673	0.00130342
20286	56.3467	27.7056	66.2910	9.0	-0.08015590	-0.08131092	-0.00115502
20287	51.1880	44.7158	57.2949	9.0	-0.08065964	-0.08107322	-0.00041358
20288	70.5263	35.1363	52.5237	8.0	-0.09306959	-0.09211193	0.00095765
20289	59.4280	22.2845	52.1819	8.5	-0.08759718	-0.08668656	0.00091063
20290	56.1804	23.2312	58.4486	7.1	-0.08758565	-0.08796095	-0.00037530
20291	64.5173	35.3762	44.0299	8.8	-0.08337029	-0.08233348	0.00103681
20292	60.7450	40.2573	64.4655	7.3	-0.09816147	-0.09910683	-0.00094536
20293	67.0795	42.7051	57.6644	8.6	-0.08875076	-0.08894427	-0.00019351
20294	49.9713	41.9345	61.5075	8.7	-0.08046469	-0.08106378	-0.00059910
20295	62.4420	33.8593	44.2451	7.8	-0.09024671	-0.08896216	0.00128454
20296	53.3528	37.8933	66.1753	8.5	-0.08447408	-0.08549993	-0.00102585
20297	57.4157	41.1959	64.2282	7.4	-0.09632425	-0.09720719	-0.00088294
20298	45.9170	33.9426	55.6431	8.1	-0.07703440	-0.07752916	-0.00049475
20299	56.4554	26.3741	46.3198	8.6	-0.08538237	-0.08439201	0.00099036
20300	60.9607	32.8710	66.1382	7.2	-0.09626422	-0.09777302	-0.00150879
20301	53.8433	43.0821	64.0342	9.0	-0.08103455	-0.08166516	-0.00063061
20302	64.5064	22.1758	54.0596	8.5	-0.08475362	-0.08375693	0.00099669
20303	51.2214	29.9774	46.7867	7.6	-0.08120551	-0.08098929	0.00021622
20304	66.4951	23.9269	50.3646	8.5	-0.08350539	-0.08207272	0.00143267
20305	66.9564	32.9976	62.5510	7.0	-0.10114526	-0.10169017	-0.00054491
20306	58.7108	26.5063	65.2914	8.8	-0.08343287	-0.08449708	-0.00106421
20307	59.4310	32.1481	44.8694	7.2	-0.09672052	-0.09530519	0.00141532
20308	64.8085	36.8933	64.0866	7.0	-0.09905281	-0.09998142	-0.00092862
20309	59.7931	30.4818	43.2107	8.9	-0.08248376	-0.08133954	0.00114423
20310	62.9891	25.1436	63.5553	8.8	-0.08408511	-0.08458366	-0.00049855
20311	49.7620	43.0599	57.5384	8.6	-0.08200671	-0.08248020	-0.00047349
20312	68.6782	32.8828	47.2583	7.9	-0.08756915	-0.08614907	0.00142008
20313	64.4546	28.6753	63.8901	7.7	-0.09421485	-0.09497046	-0.00075561
20314	55.5268	44.5891	58.3329	7.1	-0.09623123	-0.09668875	-0.00045752
20315	51.1965	39.2537	49.6571	7.3	-0.09117369	-0.09144932	-0.00027563
20316	68.1839	28.0541	46.4254	8.9	-0.07911128	-0.07770707	0.00140421
20317	60.2873	22.6660	55.1875	7.4	-0.09367167	-0.09299647	0.00067520
20318	69.8819	27.1710	54.6899	7.8	-0.08938889	-0.08818845	0.00120044
20319	65.7522	27.5056	62.2453	7.3	-0.09439297	-0.09467925	-0.00028628
20320	66.1277	37.0975	47.7102	7.3	-0.09741302	-0.09633580	0.00107721
20321	66.0359	32.8799	46.1590	7.0	-0.09428496	-0.09259385	0.00169110
20322	70.2607	29.4974	61.3958	9.0	-0.08191907	-0.08178649	0.00013258
20323	45.8542	29.0973	56.5105	8.6	-0.07077855	-0.07121648	-0.00043793
20324	64.9920	23.6126	56.0804	7.2	-0.09355944	-0.09260023	0.00095920
20325	47.6679	36.6306	56.4242	7.5	-0.08801829	-0.08865778	-0.00063949
20326	56.7972	28.2023	64.3355	7.1	-0.09365779	-0.09531930	-0.00166151
20327	60.5028	45.2495	50.8300	8.8	-0.08556262	-0.08562120	-0.00005858
20328	48.2301	39.0481	51.2989	8.8	-0.08096075	-0.08130794	-0.00034719
20329	58.8840	42.5924	47.3788	8.9	-0.08664077	-0.08651539	0.00012538
20330	68.3387	31.8907	63.7174	8.9	-0.08587688	-0.08620437	-0.00032749
20331	64.7545	25.0655	61.2431	7.7	-0.09005891	-0.09013559	-0.00007668
20332	63.0179	37.7919	44.2853	9.0	-0.08361788	-0.08286203	0.00075586
20333	48.0573	36.2974	59.0077	7.5	-0.08854875	-0.08932426	-0.00077551
20334	66.2928	24.2336	56.8278	7.3	-0.09211327	-0.09124139	0.00087188
20335	56.9380	24.7074	49.0878	7.9	-0.09104827	-0.09000598	0.00104229
20336	46.5935	35.5790	50.9724	8.6	-0.07575979	-0.07606713	-0.00030734
20337	54.0174	29.7523	46.0261	7.4	-0.08796918	-0.08733632	0.00063287
20338	60.5541	23.2002	60.9142	8.0	-0.08609532	-0.08641083	-0.00031551
20339	45.0685	31.3866	54.9160	8.8	-0.07058855	-0.07097868	-0.00039013
20340	57.6723	45.8634	61.1952	8.7	-0.08297056	-0.08341813	-0.00044757
20341	48.3850	32.0631	60.0650	7.1	-0.08562268	-0.08651952	-0.00089684
20342	60.4108	36.4479	65.7715	7.1	-0.09987352	-0.10127386	-0.00140034
20343	48.7569	24.6072	53.3980	8.8	-0.07087940	-0.07105870	-0.00017930
20344	55.2984	24.6851	47.3142	9.0	-0.08000655	-0.07929627	0.00071029
20345	50.0762	28.7659	47.1861	8.3	-0.07569125	-0.07555923	0.00013202
20346	70.0725	28.7101	49.1024	8.6	-0.08226611	-0.08086599	0.00140012
20347	49.0145	41.8824	59.1889	8.6	-0.08103477	-0.08157654	-0.00054177
20348	50.9375	32.5666	64.8794	8.7	-0.08275412	-0.08393708	-0.00118296
20349	46.1918	32.1559	50.2121	8.8	-0.07160872	-0.07182638	-0.00021766
20350	56.2593	31.7457	66.2272	7.3	-0.09143915	-0.09310281	-0.00166366
20351	54.4712	35.7604	44.7135	7.8	-0.08487695	-0.08449300	0.00038395
20352	52.4721	36.8007	64.2606	7.0	-0.09492150	-0.09618552	-0.00126402
20353	52.6034	29.8573	64.1343	7.6	-0.08761264	-0.08905299	-0.00144035
20354	68.6831	34.6855	48.4891	7.5	-0.09269372	-0.09136853	0.00132519
20355	59.2753	28.4955	43.8462	8.9	-0.08224417	-0.08105979	0.00118438
20356	57.7440	26.2008	63.4601	7.5	-0.09050921	-0.09174288	-0.00123367
20357	50.9886	41.9799	63.0684	8.9	-0.07970510	-0.08034076	-0.00063566
20358	69.2008	27.6552	51.6698	7.5	-0.09196808	-0.09029959	0.00166849
20359	67.4533	29.8772	63.2752	8.2	-0.08908779	-0.08940312	-0.00031534
20360	69.8799	31.8808	59.0743	7.3	-0.09593836	-0.09555722	0.00038114
20361	59.8194	27.9662	66.4397	8.9	-0.08284982	-0.08393950	-0.00108968
20362	54.1894	45.1183	56.0089	8.0	-0.08956672	-0.08994670	-0.00037998
20363	68.0872	40.3047	59.3061	8.0	-0.09173933	-0.09197817	-0.00023884
20364	60.7416	45.1803	53.4445	7.6	-0.09264950	-0.09283732	-0.00018783
20365	47.9009	38.1729	62.0422	9.0	-0.07804151	-0.07874311	-0.00070161
20366	49.4379	35.4270	47.8660	7.9	-0.08116975	-0.08128892	-0.00011917
20367	65.7633	25.1195	46.7200	9.0	-0.07868222	-0.07728281	0.00139941
20368	68.1647	31.0248	61.3482	7.1	-0.09776684	-0.09784632	-0.00007948
20369	60.3656	26.3737	64.4494	8.2	-0.08763095	-0.08862859	-0.00099764
20370	60.2531	21.9070	59.8891	8.7	-0.08129124	-0.08139986	-0.00010862
20371	53.6899	42.6356	52.3167	7.3	-0.09882913	-0.09919962	-0.00037049
20372	62.4155	45.5505	55.2569	8.0	-0.08908386	-0.08930076	-0.00021690
20373	63.1215	23.5048	48.4664	8.5	-0.08331936	-0.08190068	0.00141869
20374	67.4049	38.7789	52.5080	7.3	-0.10546884	-0.10493045	0.00053840
20375	47.3307	29.6630	49.1362	8.7	-0.07150125	-0.07160694	-0.00010569
20376	63.4800	35.9702	66.4898	8.3	-0.08840482	-0.08936204	-0.00095722
20377	66.0784	43.7793	55.1031	8.6	-0.08826262	-0.08835375	-0.00009114
20378	47.3773	31.1910	59.0996	7.5	-0.07992070	-0.08063509	-0.00071439
20379	66.0683	38.1993	65.2437	9.0	-0.08403001	-0.08465086	-0.00062085
20380	54.3383	23.3498	51.2794	8.2	-0.08236991	-0.08200978	0.00036013
20381	54.3267	45.3111	52.2922	9.0	-0.08362451	-0.08387336	-0.00024884
20382	61.5878	41.8538	64.1643	8.0	-0.09081710	-0.09153764	-0.00072054
20383	46.3435	32.0619	55.3875	7.5	-0.07780576	-0.07829133	-0.00048557
20384	58.0042	39.8533	46.5807	7.4	-0.09386903	-0.09357432	0.00029471
20385	51.1339	26.9766	61.0525	7.4	-0.08268138	-0.08364010	-0.00095872
20386	62.9072	38.4853	64.3520	7.0	-0.10055714	-0.10158485	-0.00102771
20387	56.6535	22.6043	56.7005	7.4	-0.08718491	-0.08722091	-0.00003600
20388	54.1169	26.4883	48.2541	7.2	-0.08829369	-0.08768309	0.00061061
20389	65.2287	44.2668	53.2762	8.8	-0.08684686	-0.08686995	-0.00002309
20390	62.2909	41.1711	47.6236	8.2	-0.09232342	-0.09196418	0.00035924
20391	48.4662	33.4149	62.9008	9.0	-0.07978297	-0.08070182	-0.00091885
20392	46.7435	26.6695	55.8330	8.8	-0.06952973	-0.06989305	-0.00036332
20393	59.0862	41.3510	48.5000	7.3	-0.09978916	-0.09966216	0.00012700
20394	61.5392	24.9620	61.5123	7.1	-0.09456315	-0.09510015	-0.00053699
20395	50.0306	38.9666	48.3573	8.6	-0.08091919	-0.08109100	-0.00017180
20396	64.5923	21.8115	57.7630	9.0	-0.08051505	-0.08006315	0.00045189
20397	66.2171	26.5376	47.6876	7.7	-0.08739147	-0.08561060	0.00178087
20398	68.0159	33.2038	45.9191	8.4	-0.08386265	-0.08256739	0.00129526
20399	63.9111	40.3328	46.8437	8.7	-0.08823309	-0.08771251	0.00052058
20400	55.1741	38.2040	46.2670	7.0	-0.09195241	-0.09171884	0.00023358
20401	54.3850	25.6850	63.8077	8.4	-0.07976848	-0.08076213	-0.00099365
20402	68.4258	24.5754	58.2786	8.6	-0.08228519	-0.08171746	0.00056773
20403	56.3750	23.3197	50.7148	8.3	-0.08646564	-0.08576157	0.00070407
20404	67.6272	26.5328	48.4134	8.1	-0.08483848	-0.08320584	0.00163265
20405	64.0068	27.2335	46.3013	7.4	-0.08965116	-0.08779464	0.00185653
20406	64.4331	43.9124	56.3450	7.5	-0.09459463	-0.09484233	-0.00024770
20407	46.2767	32.6015	59.0027	8.4	-0.07610202	-0.07673365	-0.00063163
20408	57.6334	23.9359	52.2922	7.0	-0.09790235	-0.09699709	0.00090526
20409	49.1074	30.1520	60.5374	7.1	-0.08443176	-0.08538263	-0.00095087
20410	65.7891	29.5330	44.7677	8.4	-0.08233716	-0.08085169	0.00148547
20411	66.4277	22.7649	54.5604	8.6	-0.08322612	-0.08224068	0.00098544
20412	65.8032	22.1848	56.8908	8.9	-0.08081988	-0.08019730	0.00062257
20413	45.9120	30.2998	59.2384	9.0	-0.07116116	-0.07172840	-0.00056724
20414	55.7366	44.5508	60.5424	7.7	-0.09116307	-0.09167696	-0.00051389
20415	53.3700	40.6340	49.2626	7.1	-0.09455655	-0.09474972	-0.00019318
20416	56.1871	24.0124	61.4166	7.7	-0.08445059	-0.08520617	-0.00075558
20417	48.9023	27.3723	52.2353	7.1	-0.07881666	-0.07904634	-0.00022968
20418	54.3627	35.3371	66.6061	8.2	-0.08727358	-0.08857165	-0.00129807
20419	65.7286	31.5412	43.9401	8.8	-0.08049636	-0.07920236	0.00129400
20420	52.5319	44.6075	53.0885	9.0	-0.08374555	-0.08405583	-0.00031027
20421	57.0776	38.2583	67.1738	8.9	-0.08537827	-0.08641449	-0.00103622
20422	69.5017	33.7169	58.6072	7.0	-0.10120503	-0.10088144	0.00032359
20423	70.9442	29.1788	57.0443	8.1	-0.08742935	-0.08666555	0.00076380
20424	60.8104	33.6726	44.7741	7.2	-0.09630231	-0.09494587	0.00135644
20425	54.6369	21.3611	57.6903	9.0	-0.07493944	-0.07512417	-0.00018473
20426	56.4573	36.5099	66.6733	7.9	-0.09086817	-0.09217561	-0.00130743
20427	67.4855	41.0543	56.8977	7.7	-0.09606527	-0.09618478	-0.00011951
20428	58.4734	22.0709	59.1267	8.3	-0.08297394	-0.08314303	-0.00016909
20429	62.8791	21.8749	51.9082	8.9	-0.08320763	-0.08211547	0.00109216
20430	54.5553	39.5932	45.5063	8.5	-0.08214252	-0.08199540	0.00014712
20431	51.2938	42.6582	51.9836	8.6	-0.08621156	-0.08654523	-0.00033367
20432	57.7534	45.1803	50.9738	8.6	-0.08659231	-0.08673136	-0.00013905
20433	61.7805	44.2601	51.7518	7.8	-0.09325717	-0.09332358	-0.00006640
20434	62.6929	36.9685	46.1211	7.0	-0.09903774	-0.09800839	0.00102935
20435	52.6911	35.3805	44.5274	8.6	-0.07903118	-0.07878093	0.00025025
20436	53.6094	41.7989	50.7961	7.3	-0.09731678	-0.09761703	-0.00030025
20437	56.2563	32.4295	68.1133	9.0	-0.08022199	-0.08142408	-0.00120209
20438	50.4600	31.0066	45.7847	8.6	-0.07577029	-0.07559600	0.00017430
20439	52.3674	24.0844	52.0241	7.8	-0.08068122	-0.08060075	0.00008047
20440	64.0083	41.9477	50.0609	8.2	-0.09587247	-0.09564279	0.00022968
20441	66.2408	34.2988	65.7330	8.8	-0.08518803	-0.08586587	-0.00067784
20442	65.4431	24.7170	49.0105	7.9	-0.08687926	-0.08521167	0.00166759
20443	60.0661	32.7337	43.3510	8.6	-0.08547479	-0.08437522	0.00109957
20444	66.8229	35.1419	46.8401	7.4	-0.09321185	-0.09187786	0.00133399
20445	69.2864	27.3221	60.9256	8.7	-0.08270092	-0.08248707	0.00021385
20446	50.7956	40.3634	64.0491	8.8	-0.08020471	-0.08093930	-0.00073459
20447	59.4954	23.0782	48.5723	8.9	-0.08289829	-0.08177529	0.00112300
20448	52.6797	35.0673	64.4019	7.0	-0.09614237	-0.09763694	-0.00149457
20449	62.3939	35.0919	45.1959	7.2	-0.09659742	-0.09531571	0.00128171
20450	46.2696	29.8037	51.1043	8.7	-0.07071528	-0.07093111	-0.00021582
20451	54.8086	36.8323	66.7723	8.5	-0.08632497	-0.08749154	-0.00116656
20452	52.7175	26.3623	48.9292	7.2	-0.08488242	-0.08454230	0.00034012
20453	49.5538	25.1879	49.9263	9.0	-0.07138197	-0.07135095	0.00003103
20454	60.2041	35.5483	44.6865	7.4	-0.09372575	-0.09272690	0.00099886
20455	71.4176	31.6972	58.9784	8.7	-0.08496916	-0.08459239	0.00037676
20456	58.3273	21.1954	55.8805	8.8	-0.08143047	-0.08117686	0.00025361
20457	69.8536	34.7112	50.3363	7.7	-0.09265219	-0.09145741	0.00119478
20458	71.6441	31.9986	51.8238	8.7	-0.08487476	-0.08377504	0.00109972
20459	49.9456	26.7607	50.6428	7.4	-0.07906279	-0.07911804	-0.00005525
20460	67.4381	26.0302	59.6918	7.5	-0.09058469	-0.09020871	0.00037597
20461	69.5841	37.7503	60.7121	8.7	-0.08720989	-0.08737734	-0.00016745
20462	62.0670	42.9466	49.4229	8.4	-0.09218146	-0.09205468	0.00012677
20463	48.4965	41.3848	56.6710	8.5	-0.08225386	-0.08275137	-0.00049751
20464	60.5289	41.7118	49.3686	7.3	-0.10236747	-0.10224966	0.00011781
20465	66.4827	23.7451	59.4150	8.5	-0.08319645	-0.08284486	0.00035159
20466	55.0924	23.9368	63.1732	9.0	-0.07646010	-0.07720652	-0.00074642
20467	48.3222	27.7066	56.9827	7.1	-0.07853793	-0.07908517	-0.00054723
20468	64.7376	29.0257	65.4793	8.9	-0.08488734	-0.08558506	-0.00069772
20469	70.3929	30.7063	48.4454	8.7	-0.08186230	-0.08055045	0.00131185
20470	58.7653	25.0183	49.5310	7.0	-0.09903612	-0.09748256	0.00155357
20471	56.0709	35.4829	45.0276	7.1	-0.09141818	-0.09083031	0.00058787
20472	62.7387	33.3799	65.6516	7.2	-0.09721057	-0.09851593	-0.00130536
20473	71.8593	31.2495	53.8977	8.7	-0.08553042	-0.08455062	0.00097979
20474	48.4605	26.8717	54.3769	7.3	-0.07699800	-0.07734615	-0.00034815
20475	47.6978	25.9842	56.9637	8.6	-0.07113229	-0.07155335	-0.00042106
20476	65.1901	35.4037	65.7623	8.3	-0.08830949	-0.08912343	-0.00081394
20477	59.9744	37.0975	67.5829	8.9	-0.08522573	-0.08626696	-0.00104123
20478	67.2354	23.7803	55.3884	8.1	-0.08625997	-0.08526124	0.00099873
20479	53.7891	33.2389	65.8974	7.7	-0.08926476	-0.09075425	-0.00148949
20480	53.9549	33.6250	44.0357	8.5	-0.08065665	-0.08020905	0.00044760
20481	54.3500	44.1746	59.7703	7.6	-0.09236977	-0.09288571	-0.00051595
20482	55.1443	44.7852	54.0888	7.6	-0.09309209	-0.09342435	-0.00033226
20483	58.7165	34.4430	44.3843	7.6	-0.09210525	-0.09113270	0.00097255
20484	62.1589	25.0267	47.0219	8.0	-0.08641465	-0.08483089	0.00158376
20485	54.1274	23.3590	55.0221	7.2	-0.08544665	-0.08552083	-0.00007419
20486	54.2089	26.3877	62.4058	7.0	-0.08759999	-0.08881110	-0.00121111
20487	47.6443	37.8322	57.4622	7.9	-0.08579592	-0.08643072	-0.00063480
20488	47.8083	26.6275	59.6550	9.0	-0.07092563	-0.07149234	-0.00056670
20489	52.5216	24.1037	59.5642	7.8	-0.07931232	-0.07992860	-0.00061628
20490	60.6331	21.1202	54.9015	9.0	-0.08234494	-0.08177670	0.00056823
20491	60.0645	23.0204	58.4816	7.2	-0.09196856	-0.09196683	0.00000173
20492	48.0756	32.0399	47.3385	8.8	-0.07278575	-0.07282913	-0.00004337
20493	64.4400	40.0143	48.4158	7.8	-0.09669032	-0.09614430	0.00054603
20494	52.3851	41.7542	49.5365	8.3	-0.08676756	-0.08697938	-0.00021182
20495	47.0254	32.8920	52.9484	7.1	-0.08086301	-0.08127999	-0.00041697
20496	61.3508	43.8032	62.5254	8.0	-0.08896031	-0.08951987	-0.00055955
20497	70.7960	30.7750	57.7266	7.8	-0.09075066	-0.09011045	0.00064021
20498	50.3364	30.4848	61.7277	7.1	-0.08873375	-0.08994994	-0.00121619
20499	60.3293	35.3503	67.3410	8.3	-0.08828901	-0.08948613	-0.00119712
20500	62.0438	26.5666	63.3257	7.5	-0.09375403	-0.09462073	-0.00086669
20501	50.5843	40.6057	50.6706	8.2	-0.08729862	-0.08761832	-0.00031970
20502	67.6677	26.1432	50.1847	7.6	-0.08961585	-0.08786615	0.00174970
20503	68.5508	36.1637	59.6706	7.1	-0.10176093	-0.10188976	-0.00012883
20504	49.7035	32.6807	47.5522	7.5	-0.08105700	-0.08108300	-0.00002600
20505	47.7595	39.7950	53.7647	8.9	-0.08115423	-0.08158913	-0.00043490
20506	70.8441	28.4658	59.2742	8.8	-0.08224022	-0.08180876	0.00043146
20507	54.9773	24.0210	60.3344	7.3	-0.08469231	-0.08540120	-0.00070888
20508	51.9781	42.7363	53.5367	7.6	-0.09308419	-0.09350018	-0.00041599
20509	66.1877	39.1486	49.2798	7.8	-0.09780929	-0.09712921	0.00068009
20510	50.1256	40.9123	58.8904	7.1	-0.09211915	-0.09276369	-0.00064454
20511	65.1303	22.6254	51.4342	8.8	-0.08268990	-0.08144257	0.00124733
20512	61.5522	30.1203	66.7639	8.6	-0.08591092	-0.08703603	-0.00112511
20513	51.2065	35.0037	45.3091	8.7	-0.07803612	-0.07790264	0.00013348
20514	52.8461	31.1437	45.7722	7.6	-0.08482789	-0.08441423	0.00041367
20515	70.5310	31.8896	61.4367	9.0	-0.08364411	-0.08358952	0.00005459
20516	58.2961	40.8723	66.3293	9.0	-0.08444262	-0.08526187	-0.00081925
20517	67.9601	30.1880	46.4508	8.1	-0.08461737	-0.08307047	0.00154690
20518	49.9584	33.5812	62.7104	7.7	-0.08898045	-0.09016009	-0.00117964
20519	64.6573	44.0970	61.4450	9.0	-0.08311842	-0.08352375	-0.00040533
20520	62.4743	29.9337	64.5617	7.0	-0.09961316	-0.10095419	-0.00134103
20521	48.3849	35.0392	60.0445	7.5	-0.08890244	-0.08978690	-0.00088447
20522	59.9141	33.9679	66.7448	7.5	-0.09316178	-0.09460753	-0.00144576
20523	46.5127	35.1081	54.8265	7.8	-0.08049861	-0.08100000	-0.00050139
20524	62.4107	39.4128	47.6514	7.0	-0.10114513	-0.10055894	0.00058618
20525	62.7978	25.0668	48.7250	7.0	-0.09460317	-0.09266187	0.00194130
20526	47.5503	39.3867	55.7608	8.5	-0.08242654	-0.08294143	-0.00051489
20527	65.1125	38.1146	48.2698	7.1	-0.10210493	-0.10120107	0.00090386
20528	62.5005	36.8824	65.4102	7.2	-0.09773752	-0.09889109	-0.00115358
20529	71.4184	30.8503	50.2861	8.9	-0.08184757	-0.08065819	0.00118938
20530	51.9631	43.5669	60.6227	8.3	-0.08455592	-0.08509957	-0.00054365
20531	59.1674	30.9261	67.7758	8.8	-0.08234735	-0.08354442	-0.00119707
20532	70.2242	25.6458	57.1918	9.0	-0.08000906	-0.07931996	0.00068910
20533	64.9524	39.8544	62.6867	7.2	-0.09753167	-0.09824441	-0.00071274
20534	67.3769	41.7514	53.4198	8.7	-0.09158629	-0.09144769	0.00013860
20535	53.1811	32.5672	45.0508	8.0	-0.08353851	-0.08312566	0.00041284
20536	61.1629	39.8955	66.1426	8.8	-0.08726170	-0.08811494	-0.00085325
20537	55.0788	28.9151	64.6805	7.4	-0.09020084	-0.09179901	-0.00159817
20538	47.4466	33.8173	49.4637	8.1	-0.07672177	-0.07694081	-0.00021904
20539	49.1097	39.5610	49.7211	9.0	-0.07997026	-0.08022709	-0.00025683
20540	66.8538	39.0788	61.7334	7.4	-0.09538387	-0.09590423	-0.00052036
20541	47.4441	33.8069	47.8688	9.0	-0.07250299	-0.07261851	-0.00011551
20542	69.0844	26.5695	59.1332	8.1	-0.08610431	-0.08561379	0.00049052
20543	47.6589	31.1583	61.1563	8.4	-0.07757263	-0.07837048	-0.00079785
20544	56.5840	45.8556	59.0016	8.1	-0.08721691	-0.08762702	-0.00041011
20545	69.8537	30.1555	59.2718	7.5	-0.09264301	-0.09221453	0.00042848
20546	59.9493	24.8723	62.8440	7.8	-0.08814795	-0.08892553	-0.00077759
20547	47.0288	37.9344	52.5367	8.8	-0.07883951	-0.07923165	-0.00039214
20548	50.4545	32.9086	45.1945	9.0	-0.07491889	-0.07476855	0.00015033
20549	68.6075	29.7171	48.4668	7.4	-0.09045479	-0.08868900	0.00176579
20550	52.9578	38.1406	44.7352	9.0	-0.07750714	-0.07735718	0.00014997
20551	63.9072	42.0814	61.3193	7.2	-0.09759856	-0.09819858	-0.00060003
20552	58.6942	45.7528	59.8572	8.0	-0.08760259	-0.08802530	-0.00042270
20553	49.9845	24.0526	57.9413	8.8	-0.07277320	-0.07320550	-0.00043230
20554	65.2581	38.9682	64.0282	7.9	-0.09174210	-0.09245266	-0.00071057
20555	69.2501	33.1912	49.2088	7.3	-0.09357630	-0.09207566	0.00150064
20556	47.4271	32.2165	49.3462	8.1	-0.07545880	-0.07564046	-0.00018167
20557	65.3867	36.4201	45.0479	8.6	-0.08554865	-0.08455421	0.00099444
20558	64.5500	22.4104	59.3604	8.9	-0.08118825	-0.08093728	0.00025097
20559	51.9563	33.6872	65.4924	8.4	-0.08513395	-0.08639669	-0.00126274
20560	47.3502	37.4862	50.4151	8.9	-0.07687975	-0.07717041	-0.00029067
20561	49.8428	43.0001	59.9124	8.9	-0.07955196	-0.08006951	-0.00051755
20562	56.8190	30.5284	67.0479	8.3	-0.08429273	-0.08565938	-0.00136665
20563	63.8580	34.4666	65.3911	7.3	-0.09605297	-0.09715784	-0.00110487
20564	63.7885	30.5653	65.2994	7.8	-0.09248001	-0.09349550	-0.00101549
20565	62.1677	36.7373	67.1277	8.7	-0.08618211	-0.08715696	-0.00097486
20566	50.0592	33.8142	64.2399	8.6	-0.08291550	-0.08400426	-0.00108877
20567	71.6377	33.7352	50.8962	9.0	-0.08308625	-0.08209790	0.00098835
20568	62.4823	39.9010	63.9924	7.3	-0.09900402	-0.09991281	-0.00090879
20569	48.4195	26.7522	49.3440	9.0	-0.07045763	-0.07047558	-0.00001794
20570	51.0696	43.8252	54.6724	8.6	-0.08423546	-0.08462335	-0.00038790
20571	68.9894	32.1105	62.1171	8.2	-0.09011886	-0.09026184	-0.00014297
20572	67.8692	26.3168	52.9873	7.0	-0.09717645	-0.09541527	0.00176118
20573	68.4272	28.6971	59.9565	7.0	-0.09591690	-0.09558952	0.00032738
20574	53.8789	27.8570	47.0790	7.3	-0.08746657	-0.08685212	0.00061445
20575	54.5683	31.0286	45.2792	7.7	-0.08788414	-0.08720623	0.00067791
20576	51.6516	37.6112	48.1412	7.0	-0.09057638	-0.09069523	-0.00011885
20577	49.8044	30.5614	48.3140	7.1	-0.08180553	-0.08182444	-0.00001890
20578	59.6366	32.4174	67.8231	8.6	-0.08418892	-0.08540936	-0.00122044
20579	56.0322	23.6864	52.5297	7.2	-0.09191459	-0.09140232	0.00051227
20580	55.6265	38.3403	44.0564	8.9	-0.07973510	-0.07942309	0.00031201
20581	52.0536	26.3403	62.6107	8.1	-0.07943640	-0.08039541	-0.00095902
20582	48.1026	26.9049	50.8041	8.5	-0.07210003	-0.07221450	-0.00011447
20583	49.6454	37.2465	61.7311	7.2	-0.09078426	-0.09172335	-0.00093909
20584	51.5859	28.2997	64.0678	8.5	-0.07934942	-0.08043507	-0.00108566
20585	59.3171	46.9525	53.8091	9.0	-0.08184570	-0.08203914	-0.00019344
20586	50.3201	31.3776	63.3469	8.2	-0.08463081	-0.08581543	-0.00118462
20587	51.7480	33.6812	44.7896	8.8	-0.07777023	-0.07753682	0.00023342
20588	58.9842	23.5447	63.2117	9.0	-0.07957005	-0.08017983	-0.00060978
20589	51.7582	39.8613	48.2287	8.0	-0.08551532	-0.08565465	-0.00013933
20590	46.6685	37.0190	59.4232	9.0	-0.07827029	-0.07890157	-0.00063128
20591	51.6891	42.4294	59.1186	7.1	-0.09348601	-0.09407427	-0.00058826
20592	69.8695	34.2949	53.7096	7.1	-0.10209536	-0.10098394	0.00111142
20593	57.2495	32.3125	45.1881	7.0	-0.09640112	-0.09529703	0.00110409
20594	55.3995	35.8843	43.2501	9.0	-0.07862542	-0.07818294	0.00044248
20595	56.7678	43.4871	61.8096	7.2	-0.09570836	-0.09632696	-0.00061860
20596	53.1135	24.6531	62.4599	8.6	-0.07677134	-0.07756341	-0.00079207
20597	66.1672	39.2048	51.6742	7.0	-0.10925342	-0.10873340	0.00052003
20598	56.3963	39.2798	66.0911	8.2	-0.08937310	-0.09039380	-0.00102071
20599	66.0347	40.4495	63.7639	8.8	-0.08514925	-0.08568895	-0.00053970
20600	53.5324	43.6625	53.9510	7.5	-0.09545449	-0.09584541	-0.00039092
20601	58.7641	25.4049	46.2993	8.6	-0.08460657	-0.08336967	0.00123690
20602	59.2940	41.3652	46.2586	8.8	-0.08632172	-0.08606229	0.00025943
20603	60.8662	21.7615	57.8659	8.4	-0.08434898	-0.08413880	0.00021018
20604	54.2940	39.6876	47.5482	7.1	-0.09233008	-0.09232170	0.00000838
20605	52.5359	44.9493	58.0275	8.6	-0.08396810	-0.08439821	-0.00043011
20606	48.2499	29.7017	61.7162	8.6	-0.07633725	-0.07715538	-0.00081812
20607	62.1522	45.0205	58.2949	7.5	-0.09217997	-0.09254818	-0.00036821
20608	64.8983	45.0580	58.0149	8.8	-0.08423214	-0.08449181	-0.00025967
20609	64.9806	43.1672	51.9707	8.4	-0.09157543	-0.09150198	0.00007346
20610	58.5923	24.2812	47.3086	8.8	-0.08372267	-0.08257567	0.00114700
20611	62.8164	38.4699	66.3817	8.7	-0.08660897	-0.08746688	-0.00085791
20612	62.4198	23.4035	61.0062	8.3	-0.08585165	-0.08601664	-0.00016499
20613	67.7005	24.6171	49.5441	8.9	-0.08029211	-0.07891815	0.00137395
20614	63.4726	23.9141	51.5016	7.1	-0.09605127	-0.09432196	0.00172931
20615	69.0883	41.0949	56.6736	9.0	-0.08658799	-0.08658301	0.00000497
20616	69.9091	30.3168	53.3760	7.0	-0.09909479	-0.09753706	0.00155774
20617	60.1980	34.3562	43.3356	8.6	-0.08512608	-0.08416156	0.00096452
20618	47.8586	29.5343	52.1019	7.0	-0.07906554	-0.07936494	-0.00029940
20619	64.8708	33.6216	64.4506	7.0	-0.09918614	-0.10019685	-0.00101072
20620	67.7162	38.4954	63.4366	8.8	-0.08510618	-0.08556150	-0.00045532
20621	57.6170	30.0377	45.8025	7.2	-0.09822773	-0.09682823	0.00139950
20622	66.8849	36.9754	64.3812	8.5	-0.08749563	-0.08808713	-0.00059150
20623	59.2298	47.1858	57.5258	8.9	-0.08137161	-0.08167143	-0.00029981
20624	56.1725	23.0918	55.1363	7.0	-0.09014779	-0.09001597	0.00013182
20625	58.5360	33.3102	42.9972	9.0	-0.08260067	-0.08172265	0.00087802
20626	70.3490	26.7227	51.9448	8.9	-0.08200993	-0.08075940	0.00125053
20627	49.6295	24.0485	52.1842	9.0	-0.07117621	-0.07124524	-0.00006902
20628	60.9904	38.2021	66.1907	8.1	-0.09197412	-0.09302444	-0.00105032
20629	54.9525	26.7623	45.9412	8.7	-0.08143370	-0.08069561	0.00073809
20630	69.0014	29.9362	60.6867	7.5	-0.09281744	-0.09265454	0.00016291
20631	58.2896	22.5177	51.0624	8.8	-0.08573529	-0.08486341	0.00087188
20632	63.9222	29.7117	45.5336	7.0	-0.09313190	-0.09122083	0.00191107
20633	61.4681	23.5877	62.2943	8.6	-0.08310536	-0.08349978	-0.00039441
20634	50.4703	25.9967	62.0694	8.9	-0.07439651	-0.07516568	-0.00076917
20635	70.6426	36.4362	51.1441	8.8	-0.08679909	-0.08598240	0.00081669
20636	62.1121	23.4664	52.3446	7.2	-0.09698893	-0.09549099	0.00149794
20637	52.9148	23.7170	49.4782	8.9	-0.07608560	-0.07576914	0.00031646
20638	66.0378	44.1974	58.7321	9.0	-0.08400024	-0.08426346	-0.00026322
20639	53.5369	28.2161	65.6808	9.0	-0.07865777	-0.07979440	-0.00113664
20640	65.4318	35.2261	64.1663	7.1	-0.09808267	-0.09897165	-0.00088898
20641	70.2290	32.3514	57.6371	7.2	-0.09735222	-0.09673568	0.00061655
20642	55.3619	29.0924	45.3645	8.1	-0.08667330	-0.08582982	0.00084349
20643	48.1569	38.3728	60.5729	8.2	-0.08302375	-0.08373406	-0.00071031
20644	69.2682	37.4998	50.5891	8.3	-0.09137155	-0.09056768	0.00080387
20645	53.4542	37.0728	45.7104	7.6	-0.08573988	-0.08554853	0.00019135
20646	59.7894	24.6920	48.1645	7.7	-0.09093617	-0.08943978	0.00149639
20647	53.4530	25.2492	60.8365	7.1	-0.08482404	-0.08573255	-0.00090851
20648	62.8084	44.8226	61.7195	8.8	-0.08328391	-0.08372147	-0.00043756
20649	70.9571	27.5053	53.3659	8.8	-0.08299043	-0.08185655	0.00113388
20650	66.6745	40.5743	52.4229	7.8	-0.10005856	-0.09977660	0.00028196
20651	57.3121	44.1031	52.2255	7.1	-0.09822008	-0.09846313	-0.00024305
20652	52.7389	34.2826	66.6605	8.9	-0.08184927	-0.08302282	-0.00117355
20653	60.6046	41.8508	47.1452	8.7	-0.08856210	-0.08831183	0.00025028
20654	69.4102	30.8431	47.2818	8.5	-0.08256061	-0.08117307	0.00138754
20655	64.9288	27.9072	45.1495	8.3	-0.08290286	-0.08134721	0.00155565
20656	49.5451	23.6162	55.4318	9.0	-0.07095190	-0.07120510	-0.00025320
20657	57.3041	40.9896	47.9053	7.2	-0.09637875	-0.09628751	0.00009124
20658	47.8150	40.2424	59.4045	8.8	-0.07930757	-0.07988322	-0.00057565
20659	57.7949	28.7382	44.1183	9.0	-0.08315065	-0.08208125	0.00106940
20660	56.6335	21.5315	57.8615	8.6	-0.07940698	-0.07952116	-0.00011419
20661	50.8003	37.5984	64.8096	8.5	-0.08251642	-0.08344731	-0.00093089
20662	58.4310	36.1739	66.0259	7.0	-0.09886041	-0.10037591	-0.00151550
20663	64.9684	26.3645	45.2332	9.0	-0.07849826	-0.07710560	0.00139266
20664	72.0283	32.1928	57.3795	8.9	-0.08405759	-0.08352493	0.00053266
20665	56.2695	32.1526	44.0397	8.2	-0.08572837	-0.08492152	0.00080685
20666	46.2956	31.9974	51.8450	8.1	-0.07458417	-0.07489115	-0.00030698
20667	65.2813	23.4555	57.7187	7.7	-0.08910944	-0.08850552	0.00060392
20668	53.4274	22.2579	58.2032	8.6	-0.07570852	-0.07603528	-0.00032677
20669	62.1607	45.7257	52.2636	8.9	-0.08423223	-0.08431248	-0.00008025
20670	51.4537	24.7038	53.3163	7.3	-0.08140994	-0.08153930	-0.00012937
20671	50.9839	35.5598	47.0498	7.6	-0.08484894	-0.08485200	-0.00000305
20672	69.0729	29.9103	62.2223	8.5	-0.08592274	-0.08596582	-0.00004308
20673	55.6417	44.6670	55.6262	7.0	-0.09749462	-0.09787728	-0.00038266
20674	71.3546	29.2400	53.3664	8.6	-0.08518709	-0.08405038	0.00113671
20675	68.8004	33.8389	63.2765	8.9	-0.08647632	-0.08679197	-0.00031565
20676	55.9905	21.0359	56.5525	9.0	-0.07681531	-0.07681502	0.00000029
20677	48.5997	28.6815	58.9798	7.1	-0.08068044	-0.08141503	-0.00073459
20678	69.4998	28.4662	47.5188	9.0	-0.07898134	-0.07763311	0.00134823
20679	66.2488	42.3431	51.4513	9.0	-0.08965311	-0.08945627	0.00019684
20680	54.3844	43.8510	50.1237	9.0	-0.08560699	-0.08579011	-0.00018312
20681	49.2187	41.2086	52.3499	8.9	-0.08265456	-0.08302480	-0.00037024
20682	67.8016	24.0028	52.0934	8.8	-0.08269969	-0.08142448	0.00127521
20683	59.5934	26.4695	44.6887	9.0	-0.08104110	-0.07982840	0.00121270
20684	63.4638	32.2399	44.3380	7.7	-0.08907106	-0.08759394	0.00147712
20685	53.2999	24.9829	51.1064	7.0	-0.08706545	-0.08681645	0.00024900
20686	58.6611	23.2607	54.2040	7.0	-0.09700801	-0.09630897	0.00069904
20687	48.8887	37.6965	51.9679	7.3	-0.08943438	-0.08989205	-0.00045767
20688	53.5841	23.4805	52.9347	7.8	-0.08311353	-0.08299622	0.00011730
20689	65.7734	29.9723	63.2730	7.3	-0.09744615	-0.09806314	-0.00061700
20690	62.9810	43.3310	50.6077	8.2	-0.09268568	-0.09261189	0.00007379
20691	46.1551	30.3361	55.6734	7.9	-0.07437348	-0.07482421	-0.00045073
20692	59.4579	37.9621	65.3274	7.1	-0.10148820	-0.10279533	-0.00130712
20693	54.6448	32.0770	67.6004	9.0	-0.07987965	-0.08109071	-0.00121107
20694	68.5354	25.4236	60.6108	9.0	-0.08018502	-0.07993290	0.00025211
20695	64.9531	41.4229	51.5243	7.6	-0.10140312	-0.10120113	0.00020199
20696	48.5191	37.1519	48.2886	8.9	-0.07691667	-0.07708788	-0.00017120
20697	62.1929	21.3896	54.1202	8.9	-0.08320233	-0.08240675	0.00079557
20698	51.5324	22.6893	55.4434	8.9	-0.07382780	-0.07401361	-0.00018581
20699	68.5187	35.5843	63.2117	8.7	-0.08723459	-0.08761578	-0.00038119
20700	53.4652	24.7092	48.4821	8.5	-0.07914969	-0.07870614	0.00044354
20701	61.3834	22.9227	48.8746	8.7	-0.08312505	-0.08186199	0.00126306
20702	51.3045	24.5315	60.6748	8.6	-0.07508964	-0.07574142	-0.00065178
20703	45.5091	34.9912	56.9334	8.9	-0.07488044	-0.07539658	-0.00051614
20704	51.8279	44.9740	55.5065	9.0	-0.08188004	-0.08224732	-0.00036728
20705	59.2801	29.3938	67.4215	9.0	-0.08126825	-0.08240362	-0.00113537
20706	63.3925	38.5707	46.6293	7.6	-0.09529896	-0.09453571	0.00076324
20707	57.7977	31.8640	43.5628	8.7	-0.08491136	-0.08395018	0.00096118
20708	51.2121	22.8974	56.8979	8.9	-0.07320898	-0.07351224	-0.00030326
20709	68.3961	41.6860	58.4662	8.9	-0.08586920	-0.08602713	-0.00015793
20710	57.0780	44.9124	62.2219	8.5	-0.08488895	-0.08540871	-0.00051976
20711	60.6765	43.2726	48.8266	8.7	-0.08949094	-0.08939894	0.00009200
20712	68.8392	27.3650	57.5385	7.0	-0.09497206	-0.09411269	0.00085937
20713	66.1333	27.8239	63.9851	8.7	-0.08502422	-0.08541486	-0.00039065
20714	64.0974	43.0728	59.3277	7.1	-0.09760243	-0.09805943	-0.00045700
20715	71.4269	29.9320	59.3596	9.0	-0.08180003	-0.08141813	0.00038190
20716	49.2293	27.6971	47.8691	8.8	-0.07224791	-0.07217690	0.00007100
20717	68.3752	37.5541	54.8231	7.0	-0.10765083	-0.10718136	0.00046948
20718	52.6058	43.1374	51.2148	8.7	-0.08721593	-0.08749581	-0.00027988
20719	69.5170	36.5522	56.0243	7.6	-0.10094655	-0.10050479	0.00044177
20720	54.6050	37.0323	43.9093	8.8	-0.07917106	-0.07884988	0.00032117
20721	63.9381	31.0250	43.4789	8.7	-0.08142128	-0.08011283	0.00130845
20722	68.0961	39.3313	55.8814	7.3	-0.10146125	-0.10136046	0.00010079
20723	58.3701	38.8930	44.7196	8.5	-0.08563127	-0.08518956	0.00044171
20724	62.7980	44.3706	56.4451	7.0	-0.09732650	-0.09763358	-0.00030707
20725	53.0089	40.8217	46.5280	9.0	-0.07950411	-0.07950852	-0.00000441
20726	56.7602	37.4037	65.3979	7.0	-0.10065373	-0.10208705	-0.00143332
20727	56.7524	30.3492	65.5489	7.0	-0.09368541	-0.09546101	-0.00177560
20728	70.7633	28.6474	51.0359	8.6	-0.08361582	-0.08229482	0.00132100
20729	67.9713	26.0071	57.8470	7.2	-0.09278656	-0.09202355	0.00076301
20730	68.5730	27.6206	49.4292	7.7	-0.08839452	-0.08668086	0.00171365
20731	65.4453	34.7246	46.2484	7.0	-0.09622962	-0.09476022	0.00146940
20732	68.8921	39.2267	61.0136	8.7	-0.08625310	-0.08651166	-0.00025856
20733	59.1332	23.4755	59.6036	7.1	-0.09159405	-0.09192579	-0.00033174
20734	56.3421	25.9820	64.4463	8.4	-0.08251105	-0.08359365	-0.00108260
20735	56.8643	42.8627	63.8027	8.1	-0.08927471	-0.08996648	-0.00069177
20736	67.2724	31.6670	47.0669	7.0	-0.09366199	-0.09185389	0.00180810
20737	70.0552	31.9366	53.1431	7.0	-0.10002654	-0.09857238	0.00145416
20738	58.5601	47.0801	58.8740	9.0	-0.08065003	-0.08099169	-0.00034166
20739	57.2149	41.8515	49.3216	7.1	-0.10020654	-0.10026756	-0.00006101
20740	68.8253	36.3238	52.0311	7.0	-0.10308221	-0.10206622	0.00101599
20741	62.1274	44.0827	59.5423	7.0	-0.09666610	-0.09713513	-0.00046904
20742	67.8978	33.3547	64.5158	9.0	-0.08487385	-0.08532924	-0.00045539
20743	69.8988	39.1343	54.5743	9.0	-0.08934975	-0.08903520	0.00031455
20744	67.0616	31.0053	64.3459	8.6	-0.08735818	-0.08784349	-0.00048531
20745	61.7934	23.2056	54.9392	7.0	-0.09800250	-0.09701014	0.00099236
20746	54.2799	43.9999	57.3223	7.0	-0.09836096	-0.09882794	-0.00046697
20747	67.6465	35.5272	61.4462	7.0	-0.10161016	-0.10203605	-0.00042589
20748	66.5502	28.7902	62.5362	7.4	-0.09435151	-0.09465916	-0.00030765
20749	47.4694	33.5109	61.6631	8.9	-0.07827711	-0.07908105	-0.00080394
20750	54.6896	39.5452	64.4930	7.1	-0.09584732	-0.09689167	-0.00104435
20751	46.8845	30.2316	56.9915	7.4	-0.07751537	-0.07806661	-0.00055124
20752	65.1548	39.7570	50.5524	7.1	-0.10681035	-0.10632016	0.00049020
20753	59.9276	28.6261	64.7748	7.2	-0.09577570	-0.09729742	-0.00152171
20754	59.4913	30.0373	45.3481	7.0	-0.09716912	-0.09551944	0.00164968
20755	60.8706	45.5014	61.9545	8.9	-0.08192982	-0.08237505	-0.00044522
20756	45.1650	30.4376	53.1599	9.0	-0.06905156	-0.06935511	-0.00030355
20757	56.1298	40.3696	64.5471	7.3	-0.09600577	-0.09697770	-0.00097192
20758	61.9661	27.4944	43.9084	9.0	-0.07956183	-0.07826061	0.00130123
20759	51.8509	22.9293	58.6345	8.8	-0.07375116	-0.07416713	-0.00041597
20760	65.1486	41.8951	60.1029	7.3	-0.09781704	-0.09831378	-0.00049674
20761	68.1493	38.8889	58.5824	7.2	-0.09916149	-0.09933149	-0.00017000
20762	50.7402	39.4526	51.7395	7.1	-0.09651925	-0.09698034	-0.00046109
20763	61.0112	31.1833	44.1955	7.7	-0.09019412	-0.08874259	0.00145153
20764	56.1909	34.4721	68.0478	8.9	-0.08180876	-0.08299375	-0.00118499
20765	61.2773	40.1691	45.8752	8.5	-0.08803392	-0.08757231	0.00046161
20766	52.3569	36.5242	46.8077	7.1	-0.08863694	-0.08856781	0.00006914
20767	50.1211	35.6004	64.9677	8.9	-0.08034547	-0.08132132	-0.00097584
20768	50.0389	25.8603	58.3380	7.5	-0.07894255	-0.07955610	-0.00061354
20769	69.5765	28.5455	56.9104	7.0	-0.09576477	-0.09479968	0.00096509
20770	53.9799	43.7710	62.2460	8.4	-0.08530257	-0.08588323	-0.00058066
20771	47.3550	30.9352	48.0622	9.0	-0.07082875	-0.07090291	-0.00007416
20772	61.4946	27.7176	46.0541	7.0	-0.09431705	-0.09241828	0.00189877
20773	48.9530	38.9669	56.2111	7.0	-0.09351787	-0.09415814	-0.00064027
20774	49.0870	26.3868	56.2348	7.2	-0.07828877	-0.07875562	-0.00046685
20775	48.4384	24.8304	55.3593	8.7	-0.07098076	-0.07128241	-0.00030165
20776	69.0721	37.2374	57.6744	7.4	-0.10032168	-0.10020818	0.00011349
20777	54.5512	41.4652	46.9420	8.6	-0.08328011	-0.08326746	0.00001265
20778	67.3014	29.1447	45.4500	8.7	-0.08029889	-0.07886888	0.00143000
20779	60.5900	41.3813	65.6607	8.8	-0.08566602	-0.08641816	-0.00075214
20780	63.0871	27.8080	64.8886	8.5	-0.08824235	-0.08908974	-0.00084739
20781	45.1736	29.6255	54.7332	9.0	-0.06875992	-0.06911131	-0.00035139
20782	66.6841	27.1821	61.0217	7.1	-0.09486946	-0.09482343	0.00004603
20783	68.7878	38.8029	51.3791	8.5	-0.09238227	-0.09178330	0.00059898
20784	56.4917	42.1036	65.4590	9.0	-0.08340712	-0.08413850	-0.00073138
20785	48.8536	34.0748	48.7610	7.4	-0.08181776	-0.08199795	-0.00018020
20786	66.1703	43.5383	56.6120	8.4	-0.08928932	-0.08946590	-0.00017658
20787	63.4315	24.1961	61.8647	8.4	-0.08573260	-0.08595988	-0.00022728
20788	57.7299	22.7950	62.0547	9.0	-0.07872489	-0.07925133	-0.00052644
20789	60.5427	22.2881	53.7491	8.1	-0.09015066	-0.08927625	0.00087441
20790	55.1876	43.6209	52.0959	7.4	-0.09666423	-0.09695882	-0.00029459
20791	71.6794	33.3445	53.0485	8.7	-0.08684988	-0.08590581	0.00094407
20792	46.3871	35.9300	57.7951	8.6	-0.07919176	-0.07978775	-0.00059599
20793	60.3563	23.6133	47.2621	9.0	-0.08107306	-0.07986602	0.00120704
20794	51.6672	31.8580	44.8409	8.8	-0.07690762	-0.07662684	0.00028079
20795	63.2587	40.2034	65.6238	9.0	-0.08533564	-0.08606185	-0.00072621
20796	59.4786	43.0349	65.0370	9.0	-0.08292553	-0.08356860	-0.00064307
20797	48.0174	36.3753	51.4202	7.5	-0.08417970	-0.08457224	-0.00039255
20798	59.3905	37.8892	44.0564	8.7	-0.08457813	-0.08398874	0.00058939
20799	51.8300	33.7136	46.5858	7.2	-0.08702325	-0.08686620	0.00015704
20800	63.6400	33.6314	45.1350	7.1	-0.09487775	-0.09335136	0.00152639
20801	71.0080	32.3320	50.3987	8.4	-0.08585183	-0.08463277	0.00121906
20802	57.2537	22.9222	59.7548	7.8	-0.08502994	-0.08544526	-0.00041531
20803	58.4713	37.7451	67.4761	8.9	-0.08519049	-0.08623594	-0.00104546
20804	53.4198	28.2494	64.1375	7.7	-0.08528520	-0.08662020	-0.00133500
20805	58.8937	44.2636	52.0240	7.2	-0.09725488	-0.09743897	-0.00018409
20806	70.5709	26.8017	58.2504	8.9	-0.08088074	-0.08030977	0.00057097
20807	61.4676	29.5898	45.0060	7.2	-0.09300331	-0.09126854	0.00173477
20808	65.3516	42.7600	58.5513	7.5	-0.09565614	-0.09601791	-0.00036177
20809	50.2871	41.5810	56.5518	7.2	-0.09256453	-0.09311674	-0.00055221
20810	45.4622	33.9956	51.9772	9.0	-0.07193371	-0.07224675	-0.00031304
20811	58.0109	38.3635	46.1031	7.0	-0.09622030	-0.09575365	0.00046665
20812	53.3894	23.0739	60.6306	8.7	-0.07541495	-0.07596768	-0.00055273
20813	50.9016	40.9381	60.3842	7.0	-0.09306442	-0.09376657	-0.00070214
20814	49.1895	27.1944	58.2031	7.1	-0.07997667	-0.08062848	-0.00065180
20815	46.7526	37.8501	55.9767	8.8	-0.08040416	-0.08092859	-0.00052443
20816	52.7046	41.2929	63.4873	7.9	-0.08737768	-0.08813670	-0.00075902
20817	45.4402	33.9867	54.0876	8.6	-0.07389218	-0.07429792	-0.00040575
20818	64.9529	23.2733	49.0079	8.9	-0.08049763	-0.07915293	0.00134471
20819	64.7376	24.5366	62.6984	9.0	-0.08157362	-0.08177440	-0.00020078
20820	47.5093	28.1878	52.8892	7.6	-0.07522275	-0.07551129	-0.00028854
20821	58.6035	45.6071	55.8861	7.3	-0.09354690	-0.09386635	-0.00031945
20822	51.2343	40.3836	62.4272	7.5	-0.08914799	-0.08993019	-0.00078220
20823	57.2810	44.4613	60.0139	7.0	-0.09638298	-0.09688786	-0.00050488
20824	57.2861	42.8839	47.4047	9.0	-0.08437516	-0.08432277	0.00005238
20825	68.7771	31.7848	48.5017	7.2	-0.09293472	-0.09124503	0.00168969
20826	65.3302	27.8478	46.7563	7.2	-0.09098293	-0.08903452	0.00194841
20827	56.5268	39.4057	46.2707	7.4	-0.09136134	-0.09111613	0.00024522
20828	70.2101	34.4946	60.2742	8.5	-0.08974207	-0.08969712	0.00004495
20829	65.5022	42.7101	61.8085	8.8	-0.08583690	-0.08628110	-0.00044420
20830	47.0280	30.5563	54.4146	7.0	-0.07892593	-0.07936412	-0.00043819
20831	64.2623	37.2495	66.6448	9.0	-0.08377909	-0.08456272	-0.00078362
20832	52.9592	32.2497	66.8153	9.0	-0.08002721	-0.08122168	-0.00119447
20833	49.4913	32.8878	61.3752	7.2	-0.09042882	-0.09155718	-0.00112836
20834	66.3123	25.9219	49.4823	7.2	-0.09230444	-0.09036908	0.00193536
20835	52.4529	26.9011	64.0253	8.6	-0.07804634	-0.07906000	-0.00101366
20836	70.9784	32.5928	48.7336	9.0	-0.08098701	-0.07984816	0.00113885
20837	70.5837	36.6282	58.7735	8.9	-0.08839028	-0.08828193	0.00010835
20838	59.8803	44.3592	62.9322	8.4	-0.08571785	-0.08626353	-0.00054568
20839	67.1248	32.6507	44.6922	8.8	-0.08084854	-0.07960112	0.00124742
20840	71.1437	32.8233	60.2690	9.0	-0.08411839	-0.08395219	0.00016620
20841	46.8997	29.9185	60.4480	8.8	-0.07323948	-0.07390630	-0.00066682
20842	56.8609	36.5469	43.2240	9.0	-0.08004162	-0.07953225	0.00050937
20843	61.2885	24.5228	63.7959	8.9	-0.08188296	-0.08247875	-0.00059579
20844	65.0870	23.7489	54.1912	7.2	-0.09457763	-0.09323638	0.00134125
20845	56.6914	33.2366	66.7356	7.5	-0.09082659	-0.09238451	-0.00155792
20846	70.7444	37.1621	57.3035	9.0	-0.08861161	-0.08838245	0.00022916
20847	49.3126	39.4421	59.1781	7.1	-0.09148267	-0.09219464	-0.00071197
20848	50.4896	40.8084	48.9775	9.0	-0.08036395	-0.08056208	-0.00019814
20849	47.8555	27.8699	55.4944	7.2	-0.07723492	-0.07767673	-0.00044181
20850	47.8527	36.3676	54.6938	7.1	-0.08895928	-0.08954351	-0.00058423
20851	48.5788	38.0018	58.7832	7.2	-0.09061453	-0.09135468	-0.00074015
20852	61.7691	43.3737	63.9773	8.8	-0.08407649	-0.08465315	-0.00057666
20853	59.4961	21.2469	57.0007	8.7	-0.08189753	-0.08168510	0.00021242
20854	61.1289	33.1453	67.7846	8.8	-0.08423356	-0.08535107	-0.00111751
20855	63.1522	43.5196	62.4641	8.4	-0.08686142	-0.08738186	-0.00052044
20856	47.9070	33.5208	59.3414	7.2	-0.08617691	-0.08699644	-0.00081953
20857	53.1906	41.9104	47.9333	8.8	-0.08235548	-0.08244662	-0.00009114
20858	69.1308	26.0835	49.2577	9.0	-0.07950518	-0.07815273	0.00135246
20859	59.6279	26.1548	47.4209	7.1	-0.09567288	-0.09394661	0.00172627
20860	69.9045	28.8194	54.2187	7.2	-0.09548141	-0.09407693	0.00140447
20861	63.6577	44.7178	51.5056	9.0	-0.08533867	-0.08532717	0.00001150
20862	62.7072	30.9047	44.7974	7.2	-0.09263050	-0.09092372	0.00170678
20863	71.6031	33.8503	58.3496	8.9	-0.08556011	-0.08521860	0.00034151
20864	69.1870	29.6187	50.2504	7.1	-0.09428122	-0.09246694	0.00181427
20865	68.9910	37.3358	62.2894	8.8	-0.08597203	-0.08627642	-0.00030439
20866	51.4711	43.2183	62.2535	9.0	-0.07952321	-0.08009142	-0.00056820
20867	66.4523	40.5588	53.9966	7.1	-0.10530157	-0.10519319	0.00010838
20868	46.4562	32.0434	60.6156	9.0	-0.07402050	-0.07469787	-0.00067738
20869	63.7960	28.2256	43.8402	9.0	-0.07888130	-0.07754453	0.00133676
20870	67.7609	26.4113	62.4127	9.0	-0.08112336	-0.08114168	-0.00001833
20871	58.1422	27.3466	44.7316	8.9	-0.08313854	-0.08200193	0.00113661
20872	49.1471	30.3940	62.9826	8.8	-0.07837755	-0.07933285	-0.00095530
20873	63.5882	23.3826	56.8808	7.1	-0.09487403	-0.09416155	0.00071248
20874	61.9767	21.3124	56.2885	8.9	-0.08264624	-0.08214644	0.00049980
20875	55.1367	42.0756	50.8022	7.0	-0.10190928	-0.10217803	-0.00026875
20876	64.8310	21.8441	55.5886	8.8	-0.08204788	-0.08129267	0.00075521
20877	55.6184	34.1292	43.7876	8.3	-0.08320420	-0.08261234	0.00059186
20878	64.9769	36.6465	46.6201	7.3	-0.09663241	-0.09549159	0.00114082
20879	63.3646	43.8801	54.9708	7.0	-0.09877217	-0.09899043	-0.00021826
20880	55.6359	23.4867	48.8549	9.0	-0.08046273	-0.07979594	0.00066679
20881	68.6142	23.7597	54.5901	9.0	-0.08036140	-0.07939863	0.00096277
20882	67.3837	34.5355	45.3291	8.7	-0.08273676	-0.08159138	0.00114538
20883	48.8520	31.6339	48.7869	7.3	-0.08024178	-0.08036429	-0.00012250
20884	70.5596	34.3789	48.8828	8.8	-0.08335251	-0.08228706	0.00106546
20885	48.0028	36.7233	62.4579	8.9	-0.07893259	-0.07970871	-0.00077612
20886	49.9046	23.5212	53.5953	9.0	-0.07137527	-0.07150696	-0.00013168
20887	55.7993	21.8503	59.2939	8.7	-0.07753724	-0.07784818	-0.00031094
20888	55.1503	45.6377	59.6047	8.5	-0.08493574	-0.08537138	-0.00043564
20889	47.1194	38.5940	54.3998	8.9	-0.08066218	-0.08112953	-0.00046735
20890	58.5695	30.9755	66.2567	7.3	-0.09248813	-0.09410908	-0.00162095
20891	66.7279	31.4419	62.8038	7.2	-0.09904688	-0.09956053	-0.00051365
20892	59.3583	26.3419	63.1824	7.1	-0.09447725	-0.09567793	-0.00120069
20893	63.0146	24.8139	60.4463	7.0	-0.09642679	-0.09657418	-0.00014739
20894	63.3709	23.2800	54.6311	7.1	-0.09603531	-0.09486677	0.00116853
20895	66.4843	35.6802	63.1359	7.1	-0.09883839	-0.09954243	-0.00070404
20896	61.9699	44.2683	53.5246	7.1	-0.09773573	-0.09790904	-0.00017331
20897	55.7808	22.3524	51.8862	8.7	-0.08174198	-0.08128759	0.00045439
20898	58.1533	25.1454	62.1725	7.2	-0.09148503	-0.09246931	-0.00098428
20899	55.0742	34.3516	45.2364	7.0	-0.09113165	-0.09056708	0.00056457
20900	65.9941	41.5266	57.6190	7.0	-0.10190387	-0.10221647	-0.00031259
20901	52.7611	33.0511	64.3053	7.0	-0.09539567	-0.09705493	-0.00165926
20902	64.7296	25.9192	48.4450	7.0	-0.09353618	-0.09150437	0.00203182
20903	68.1755	36.6198	49.9458	7.2	-0.09896274	-0.09787598	0.00108676
20904	67.2369	23.0664	57.6052	8.9	-0.08043446	-0.07984468	0.00058977
20905	58.9872	22.2737	60.8129	8.7	-0.08058886	-0.08090854	-0.00031968
20906	69.4396	40.1269	58.6300	8.9	-0.08604417	-0.08612883	-0.00008466
20907	54.3627	40.8742	63.6880	7.2	-0.09448088	-0.09535140	-0.00087052
20908	69.7093	34.0810	47.1941	8.9	-0.08163827	-0.08052327	0.00111500
20909	54.9373	25.2984	61.5572	7.0	-0.08761524	-0.08863904	-0.00102380
20910	55.9844	43.9912	49.4179	9.0	-0.08574872	-0.08585881	-0.00011009
20911	53.5739	44.2950	51.3537	9.0	-0.08485276	-0.08509745	-0.00024468
20912	63.3474	22.1599	50.4468	9.0	-0.08131042	-0.08012139	0.00118904
20913	58.0862	27.5222	66.3846	9.0	-0.08108592	-0.08220037	-0.00111445
20914	49.6877	29.0789	61.4975	7.7	-0.08197906	-0.08295890	-0.00097983
20915	53.2312	38.9998	45.9494	8.3	-0.08231988	-0.08223772	0.00008216
20916	46.9077	35.4732	60.4703	9.0	-0.07854357	-0.07925152	-0.00070795
20917	48.9855	33.7785	46.8165	8.6	-0.07562970	-0.07565369	-0.00002400
20918	55.1388	30.6834	67.2190	8.8	-0.08077041	-0.08202994	-0.00125953
20919	49.1611	28.1379	50.5164	7.2	-0.07933490	-0.07946344	-0.00012854
20920	52.5256	28.7340	47.1414	7.2	-0.08525591	-0.08487124	0.00038467
20921	69.3926	35.4594	54.7710	7.0	-0.10542525	-0.10460390	0.00082135
20922	53.7986	45.7628	54.2354	9.0	-0.08284704	-0.08315100	-0.00030396
20923	61.8989	34.9967	67.7412	9.0	-0.08395305	-0.08496623	-0.00101318
20924	63.0456	39.8683	45.5439	9.0	-0.08481093	-0.08425911	0.00055182
20925	53.3530	29.7281	65.8786	8.7	-0.08123074	-0.08248844	-0.00125770
20926	49.5345	40.5788	57.5091	7.2	-0.09149243	-0.09210322	-0.00061079
20927	67.7966	25.5588	51.6331	7.7	-0.09015446	-0.08851948	0.00163497
20928	54.0102	30.1530	64.5779	7.2	-0.09166591	-0.09334173	-0.00167582
20929	59.2583	36.9705	45.3049	7.2	-0.09541263	-0.09465881	0.00075382
20930	52.0124	25.2030	47.8973	8.9	-0.07486991	-0.07456233	0.00030758
20931	70.3411	31.4164	54.5450	7.1	-0.09831843	-0.09707799	0.00124044
20932	59.0446	47.1137	55.9392	8.8	-0.08233131	-0.08259309	-0.00026178
20933	50.2119	35.6352	62.3577	7.0	-0.09328833	-0.09443253	-0.00114420
20934	52.7666	22.5667	54.1278	8.6	-0.07682913	-0.07685753	-0.00002840
20935	56.3181	33.5334	45.0344	7.0	-0.09339575	-0.09258162	0.00081413
20936	63.1130	46.2463	58.4267	9.0	-0.08163329	-0.08192103	-0.00028774
20937	54.6906	23.4596	58.2391	7.1	-0.08521196	-0.08565642	-0.00044445
20938	66.5347	23.0134	53.0227	8.7	-0.08328566	-0.08211931	0.00116636
20939	60.9405	45.3701	56.1922	7.3	-0.09374601	-0.09404773	-0.00030172
20940	63.0896	42.6928	52.0339	7.0	-0.10238361	-0.10239564	-0.00001202
20941	65.8564	38.1917	62.7466	7.0	-0.09886480	-0.09958419	-0.00071939
20942	60.8622	46.8642	54.1928	9.0	-0.08190367	-0.08208320	-0.00017954
20943	46.8918	38.5652	59.0859	9.0	-0.07811485	-0.07870385	-0.00058901
20944	55.5728	45.9906	53.1371	8.8	-0.08396098	-0.08420941	-0.00024843
20945	61.8589	45.4305	60.6909	8.5	-0.08462973	-0.08504164	-0.00041192
20946	60.8835	24.5979	46.0172	9.0	-0.08033199	-0.07906437	0.00126763
20947	51.3940	38.8846	63.6639	7.6	-0.08865258	-0.08957532	-0.00092274
20948	48.9857	41.9917	53.6596	9.0	-0.08095837	-0.08134935	-0.00039098
20949	67.9899	25.6638	54.5250	7.2	-0.09392737	-0.09254044	0.00138693
20950	58.2635	30.3969	43.6127	8.9	-0.08396444	-0.08289885	0.00106559
20951	59.8205	23.6914	52.5575	7.0	-0.10006385	-0.09878980	0.00127405
20952	58.2740	23.3422	49.4918	8.6	-0.08650375	-0.08545661	0.00104714
20953	70.7790	37.1676	53.2338	9.0	-0.08821330	-0.08760553	0.00060777
20954	47.9253	28.2166	49.0278	8.8	-0.07112516	-0.07117723	-0.00005206
20955	65.9396	24.1458	60.8491	8.6	-0.08300198	-0.08288383	0.00011815
20956	53.3054	38.5948	64.7235	7.4	-0.09199870	-0.09306818	-0.00106948
20957	47.3473	40.3604	57.4222	9.0	-0.07856891	-0.07907917	-0.00051026
20958	69.1486	37.8892	48.9567	9.0	-0.08535422	-0.08458555	0.00076868
20959	66.2186	38.3079	46.4098	8.9	-0.08587814	-0.08509062	0.00078752
20960	65.3804	26.4535	61.2369	7.0	-0.09593117	-0.09603369	-0.00010253
20961	64.6510	42.9224	55.1412	7.0	-0.10070827	-0.10089259	-0.00018433
20962	56.0139	37.3765	45.2345	7.4	-0.08938950	-0.08898656	0.00040294
20963	66.7545	24.7469	47.9402	9.0	-0.07898713	-0.07759903	0.00138809
20964	51.5517	26.0115	49.8495	7.4	-0.08144372	-0.08130174	0.00014198
20965	61.5493	42.6678	50.8051	7.1	-0.10175849	-0.10174678	0.00001171
20966	63.9688	26.6505	64.4503	8.9	-0.08446050	-0.08503944	-0.00057894
20967	64.4002	42.7488	53.3231	7.2	-0.10035775	-0.10040698	-0.00004923
20968	48.7662	29.5775	50.0696	7.1	-0.07990963	-0.08006797	-0.00015834
20969	50.9082	25.4880	52.1592	7.2	-0.08118182	-0.08126901	-0.00008719
20970	48.4252	29.0419	47.8453	8.8	-0.07181793	-0.07181074	0.00000720
20971	68.8094	31.7063	45.8980	8.9	-0.07994883	-0.07867732	0.00127152
20972	72.2071	33.0981	55.2975	9.0	-0.08448732	-0.08378685	0.00070047
20973	56.8683	45.4091	56.1428	7.3	-0.09387196	-0.09422628	-0.00035432
20974	48.5566	35.1164	50.3698	7.0	-0.08533020	-0.08566395	-0.00033375
20975	51.3145	44.0783	59.0405	8.6	-0.08259481	-0.08307396	-0.00047915
20976	53.9531	27.6491	45.1833	9.0	-0.07807699	-0.07748506	0.00059193
20977	67.6808	38.9064	60.0497	7.2	-0.09784451	-0.09818946	-0.00034494
20978	57.1399	28.7240	67.0686	9.0	-0.08017393	-0.08134903	-0.00117509
20979	58.0751	26.9406	47.1016	7.3	-0.09601133	-0.09450451	0.00150683
20980	47.4184	37.0795	60.7692	8.7	-0.07994727	-0.08065654	-0.00070927
20981	51.5228	32.3022	62.9437	7.0	-0.09529292	-0.09684415	-0.00155123
20982	56.2046	30.6505	45.0763	7.7	-0.09066307	-0.08969574	0.00096733
20983	63.9659	34.0515	43.5136	8.8	-0.08249746	-0.08138001	0.00111744
20984	64.8003	29.7426	43.6364	9.0	-0.07889905	-0.07758862	0.00131043
20985	52.9695	43.4095	58.4745	7.1	-0.09527807	-0.09580427	-0.00052620
20986	67.1681	42.8060	54.5287	8.9	-0.08836361	-0.08835452	0.00000909
20987	58.1467	42.3063	63.1886	7.1	-0.09742608	-0.09818176	-0.00075568
20988	66.5427	36.1040	65.5840	9.0	-0.08378942	-0.08441313	-0.00062371
20989	46.9755	27.3081	51.7178	8.8	-0.06982555	-0.07000912	-0.00018358
20990	72.1305	30.2415	56.7636	9.0	-0.08204727	-0.08138421	0.00066306
20991	59.4732	21.2409	53.9028	9.0	-0.08250681	-0.08191158	0.00059523
20992	55.7477	26.1609	62.8430	7.1	-0.08921217	-0.09045971	-0.00124754
20993	45.9872	36.4229	55.7138	8.8	-0.07725640	-0.07775081	-0.00049441
20994	62.0359	26.2277	64.9588	9.0	-0.08327304	-0.08402800	-0.00075495
20995	45.0965	32.4983	56.1045	8.8	-0.07187157	-0.07232374	-0.00045217
20996	60.6075	44.0416	60.7200	7.0	-0.09631273	-0.09684551	-0.00053278
20997	48.5660	25.2192	58.7613	9.0	-0.07085860	-0.07135246	-0.00049386
20998	59.7397	33.9027	68.2937	9.0	-0.08220443	-0.08332129	-0.00111686
20999	64.6541	31.9498	45.2105	7.2	-0.09223489	-0.09054729	0.00168760
21000	66.5719	43.0818	53.0351	9.0	-0.08779390	-0.08772158	0.00007232
21001	50.6467	41.3175	54.9325	7.0	-0.09557135	-0.09610417	-0.00053282
21002	69.4437	27.9917	58.8186	7.6	-0.09035365	-0.08979354	0.00056011
21003	65.0152	24.3148	50.7546	7.4	-0.09214831	-0.09040146	0.00174685
21004	55.2183	38.2505	67.1206	9.0	-0.08292056	-0.08391718	-0.00099662
21005	65.8020	25.4017	59.6342	7.0	-0.09486851	-0.09456176	0.00030675
21006	66.1349	33.9433	63.6091	7.1	-0.09902741	-0.09979997	-0.00077256
21007	53.7561	42.7473	60.9416	7.0	-0.09604744	-0.09668344	-0.00063600
21008	51.3976	24.6334	58.1464	7.6	-0.07974886	-0.08030028	-0.00055142
21009	53.9998	35.7324	65.0387	7.0	-0.09745304	-0.09898437	-0.00153134
21010	66.8694	37.5638	49.3238	7.1	-0.10116038	-0.10017820	0.00098218
21011	50.0257	26.0353	48.2754	9.0	-0.07196932	-0.07184213	0.00012718
21012	61.0215	38.6511	64.7364	7.0	-0.10228227	-0.10343974	-0.00115747
21013	69.7470	33.6118	62.0622	8.9	-0.08648414	-0.08661245	-0.00012831
21014	64.1933	42.6346	63.1870	8.8	-0.08533919	-0.08587294	-0.00053375
21015	61.5076	23.8274	59.4533	7.0	-0.09506707	-0.09513522	-0.00006814
21016	66.3332	29.3753	46.7318	7.1	-0.09187326	-0.08993901	0.00193426
21017	64.8477	24.2014	47.6048	8.8	-0.08042125	-0.07900285	0.00141840
21018	55.3815	35.7507	67.6620	8.9	-0.08267775	-0.08382757	-0.00114982
21019	57.7245	23.0467	55.5740	7.0	-0.09354092	-0.09327290	0.00026802
21020	48.3856	39.8248	61.8449	9.0	-0.07802256	-0.07867053	-0.00064798
21021	65.3379	30.6032	65.6062	8.7	-0.08595643	-0.08667305	-0.00071662
21022	61.9771	32.3786	44.7495	7.1	-0.09497993	-0.09339633	0.00158360
21023	60.6067	23.8008	51.2533	7.1	-0.09773343	-0.09620340	0.00153003
21024	60.2581	46.3743	52.6564	8.9	-0.08326239	-0.08340355	-0.00014116
21025	69.1148	28.0507	53.1998	7.0	-0.09767458	-0.09597957	0.00169501
21026	57.1778	23.1644	53.7181	7.2	-0.09278005	-0.09226930	0.00051075
21027	53.0058	22.6717	51.6294	9.0	-0.07580145	-0.07561470	0.00018675
21028	67.4066	39.3542	54.0090	7.1	-0.10565713	-0.10537356	0.00028356
21029	55.2903	32.3976	45.3983	7.0	-0.09270307	-0.09195133	0.00075174
21030	49.0512	25.9821	60.3496	8.9	-0.07273775	-0.07336820	-0.00063045
21031	47.8476	34.8065	51.7497	7.0	-0.08467246	-0.08508391	-0.00041145
21032	56.6467	24.7944	50.6561	7.0	-0.09706218	-0.09609864	0.00096354
21033	57.3148	46.8415	53.7641	9.0	-0.08188135	-0.08210650	-0.00022515
21034	47.3062	32.3733	57.8203	7.0	-0.08298991	-0.08366456	-0.00067466
21035	52.4080	27.2181	47.5438	7.7	-0.08176747	-0.08139990	0.00036757
21036	56.2998	46.0113	60.5332	8.8	-0.08248936	-0.08292254	-0.00043318
21037	56.2250	46.9305	57.8849	9.0	-0.08103444	-0.08137672	-0.00034227
21038	66.4516	26.5581	63.2105	8.8	-0.08312881	-0.08334170	-0.00021289
21039	46.4594	33.7407	60.2041	8.9	-0.07620083	-0.07688164	-0.00068081
21040	63.7934	32.5734	64.8910	7.0	-0.09929140	-0.10048854	-0.00119714
